media,title,description,pubDate,cat,link,text
경남신문,주택담보대출 금리비교로 30~40대 내집마련 꿈 실현,주택담보대출 금리비교 사이트는 주민등록번호나 세부적인 집주소 등을 받지 않기에 개인정보 유출에 대한 우려가 없고 신용조회가 들어갈 수가 없다. 그럼에도 매우 정확도 높은 은행 정보를 주고 있으며 모든 서비스가... ,2021-02-08 00:00:00,정보유출,http://www.knnews.co.kr/news/articleView.php?idxno=1343964,"



정부의 2.4대책이 발표되었다. 이번 대책의 핵심적 내용은 주택공급에 있다. 재개발 재건축을 통해 2025년까지 서울 32만호의 주택과 경기 권 30만호의 주택을 포함하여 전국적으로 83.6만호의 주택을 공급한다는 내용이다. 물론 이 정책에 대해 우려의 목소리도 나오고 있다. 최근 신축으로 지어지는 아파트들의 가격이 분양가 대비 프리미엄이 엄청나게 발생되고 있기 때문이다. 지난 해 입주한 서울 신축 아파트 실 거래가격은 분양가 대비 평균 6억 5800만원으로 2배 가까이 오른다고 분석됐다. 서울 신축 주택 청약 로또 라는 말이 증명이 된 것이다. 가장 크게 오른 아파트는 마포구 대흥동 “신촌 그랑자이”로 분양가 8억4700원이었던 25평형이 현재 17억8000만원에 시세가 형성되어 있다고 한다. 강동구 상일동의 “고덕 아르테온” 역시 시세 차익만 8억7300만원이나 되었다. 이런 초고가아파트들이 생겨나면 주변의 시세까지 같이 올리는 효과를 주기 때문에 전체적으로 주택가격 상승으로 이어지게 된다. 따라서 정부의 이번 부동산 대책이 또 한번 집값 상승을 일으키지 않을까 우려된다는 것이다.

실제 이번 공공재개발 발표로 인해 발표된 지역의 주변 시세가 크게 오르고 있다. 해당 지역이 새롭게 정비될 것으로 예상되는 만큼 반사이익을 기대하는 수요가 몰리며 후보지들의 인근 아파트들의 가격이 크게 상승하였다. 특히 영등포구 양평 13,14구역 인근의 경우 아파트 매수 문의가 빗발치고 있지만 주택 매물 찾기가 쉽지 않은 상황이다. 이는 흑석동 역시 마찬가지이다. 흑석 2구역의 공공재개발이 발표되며 주택 매물이 전혀 나오지 않고 있는 상황이라고 한다. 집값을 잡기 위한 정부의 주택정책과 규제가 생겨날 때 마다 집값은 크게 올랐기에 공식이 이번에도 적용이 될 것이라는 전망이 지배적이다.

주택 시장만 아니라 전세시장 역시 크게 바뀌고 있다. 갭투자가 결국 집 시세를 올리고 있다는 조사에 따라 정부의 규제가 주택구매자금 뿐만 아니라 생활자금까지 확대되며, 세입자에게 보증금을 돌려주기 위해 받는 자금에 급제동이 걸렸다. 최대 한도를 매년 1억으로 축소를 시켰기에 1억이 넘는 보증금을 돌려주기 위해서는 2금융권에서 추가자금을 받아야 하는 상황이 발생되고 있다고 한다. 거기다 작년 7월 임대차 3법이 나오며 보증금을 마음대로 올리지 못하며 재연장에 대해서도 정부의 관섭이 들어오자, 전세 보증금을 애초에 크게 올려 전체적 전세가 상승을 부르게 되었고 그 조차도 매물이 없어 못 들어가는 상황이 발생되고 있다. 이에 결국 전세 수요까지 매매로 눈을 돌리고 있는 상황이다. 분명 주거안정을 목적으로 시작한 정책들이 이렇게 되자 정부 정책에 대한 국민들의 신뢰가 크게 하락하고 있는 것이다.

아파트 구매에 대한 수요가 다시 크게 증가하며, 주택담보대출 가능 여부와 금리를 체크하기 위한 주택담보대출 금리비교 서비스에 대한 수요 역시 크게 증가하고 있다. 너무나 급격히 바뀐 주택 담보대출에 대한 규제들로 인해, 주택담보대출 가능여부확인 없이 계약을 했다가 계약금을 잃게 되는 상황이 최근 크게 증가하고 있기 때문이다.

특히 1주택자나 다주택자의 경우 규제를 피할 수가 없기에 주택담보대출 한도가 얼마나 나올 수 있는지 금융사별로 꼭 체크가 필요하다. 주택담보대출 금리비교 서비스란 각 은행들의 시기별 최저금리와 할인조건 데이터와 심사 가이드에 대한 데이터를 모두 취합하여 고객에게 가장 유리한 금융사를 찾아주는 서비스이다. 가장 대표적인 사이트로는 뱅크몰(홈페이지: https://www.bank-mall.com/ )( 무료상담 대표번호: 1544-2220 )이 있다.

인터넷에 퍼져 있는 대출 정보 다 믿을 수 있을까?

서울 동작구에 사는 K씨는 온라인 카페에서 회원들 간의 정보교류를 통하여 주택담보대출 가능 여부를 체크한 뒤 문제가 없음을 확인하고 집 계약을 마쳤다. 그러나 실제 은행에서 조건이 맞지 않아 한도가 나오지 않는 다는 통보를 받았다. K씨는 잘못된 정보를 접하여 결국 계약금으로 걸었던 4천만원을 잃게 되는 상황에 처하게 된 것이다. 포탈사이트를 통해 주택담보대출을 검색하게 되면 무수히 많은 정보가 나오게 된다. 문제는 이런 정보들의 경우 출처가 명확하지 않으며, 본인들의 경험에서 나온 글들이 대부분이다. 시기에 따라 내용이 맞지 않은 상황도 많고 개개인의 소득상황과 부채상황, 그리고 주택보유 상황이 다르기에 이런 검증되지 않은 정보들을 통해 자금 계획을 세우게 되면 결국 큰 손해를 받게 되는 것이다. 부동산 전문가들은 이런 상황을 대비하기 위해서 꼭 뱅크몰과 같은 전문적인 주택 담보대출 금리 비교사이트를 통해 가능 여부와 규제에 대한 명확한 상담을 받은 뒤 자금 계획을 세우는 것을 추천하고 있다. 뱅크몰은 금융 소비자들에게 시간과 장소 구애 없이 정확한 주택 담보대출 정보를 제공하기 위해 카카오톡 전문 상담 창구를 만들어 운영 중 이기에 바쁜 직장인들도 쉽게 상담을 받을 수 있다.

(카카오톡 빠른상담: http://pf.kakao.com/_SvmUV / 무료상담: 1544-2220 )

아파트담보대출 금리비교 서비스 어떻게 이용할까?

금융감독원 역시 금리비교 시장에 주목했다. “금융상품 한눈에” 서비스를 출시하였고 금융 소비자들에게 큰 도움이 될 것으로 예상하였다. 하지만 실제로 나올 수 없는 최저금리만 제공하거나 업데이트가 되지 않아 예전 금리가 제공되는 등 주택담보대출 시장에 오히려 혼란을 주게 되었고, 결국 전문 주택담보대출 금리비교 사이트에 대한 의존도는 높아질 수밖에 없었다.

주택담보대출 금리비교 사이트는 주민등록번호나 세부적인 집주소 등을 받지 않기에 개인정보 유출에 대한 우려가 없고 신용조회가 들어갈 수가 없다. 그럼에도 매우 정확도 높은 은행 정보를 주고 있으며 모든 서비스가 무료로 제공되기에 금융 소비자들의 부담 역시 줄어들 수밖에 없다. 뿐만 아니라 규제나 정책에 대한 상담도 가능 하며, 계약 전 가능여부 체크를 간단히 도와주고 있기에 큰 도움이 되고 있다.



부동산대책으로 주택담보대출대출 규제는 심화되고 한도는 줄어들고 집값은 오르고.

실제 부동산 114의 조사에 따르면 서울시의 절반 이상의 아파트 시세가 9억이 넘는다고 한다. 부동산 정책으로 주택담보대출은 점점 더 받기 어려워졌으나 부동산에 대한 관심도는 오히려 더 높아졌으며, 그로 인해 집값 상승은 그 어느 때 보다 높아졌다. 주택담보대출을 막을수록 이번이 내 집 마련의 마지막 기회가 될지 모른다는 심리적 불안감이 커졌기 때문이다. 부동산 규제가 결국 “영끌” 세대를 만든 것이다. 이런 부동산에 대한 관심도는 서울만 아니라 수도권의 집 시세까지 끌어 올렸으며 전국적으로 확대되었고 주택대출규제 역시 전국적으로 확대가 되었다. 결론적으로 정부의 대출규제가 수도권 뿐만 아니라 전국적으로 집값을 상승시킨 것이다.

전국적으로 확대된 아파트담보대출 금리비교 서비스

정부의 정책 아래 규제지역이 확대가 되며 주택담보대출의 가능여부를 알아보기 위해 은행을 방문하는 수요가 지난 해에 크게 증가하였다. 갑자기 선정된 규제지역 때문에 줄어든 한도와 가능 여부를 미리 체크하기 위해서이다. 뱅크몰 관계자에 따르면 온라인을 통해 아파트담보대출 규제에 대해 잘못된 정보가 많이 발생되고 있으니 꼭 자금 계획을 세우기 전에 금융 전문가와의 면밀한 검토가 수반되어야 한다고 말하고 있다. 기습적 부동산 대책들이 지속적으로 나오고 있기 때문에 거래가의 5%~10%가 되는 계약금을 잃게 되는 상황이 적지 않게 발생되고 있기 때문이다.

아파트담보대출 금리비교서비스 올바른 이용사례

경기도 화성시의 조용현(가명)씨는 은행을 통해 아파트담보대출을 2.6%로 안내를 받았다. 부동산과 여러 인터넷 사이트들을 통해 몇 번이나 체크해 봤지만 이보다 더 낮은 금리는 찾지 못하였고 가장 좋은 선택이라 판단하고 있었다. 그러다 주택담보대출 금리비교서비스를 알게 되어 상담을 받았고 큰 비용을 손해 볼 뻔했다는 사실을 알게 되었다. 조씨의 경우 2개월간 짧게 사용할 계획이었지만 상환 계획이 아닌 금리에 초점을 맞추어 상품을 알아보았기에 올바른 선택이 불가능 했던 것이다. 금리는 2.77%로 0.17% 더 높았지만 중도상환수수료가 50%까지 면제가 되는 상품이 있기에 이렇게 짧게 사용할 경우에는 면제 비율이 높은 상품이 훨씬 큰 비용을 줄일 수 있기 때문이다.

이처럼 잘못된 정보를 접해서 선택하게 된 아파트담보대출은 결국 소비자들에게 큰 손해를 만들게 된다. 따라서 이런 주택담보대출 금리비교 사이트를 통해 기존에 쓰고 있는 주택 대출은 잘 받고 있는 게 맞는지 진단을 해 보아야 하며, 이번에 받아야 하는 담보대출의 경우 나의 상환 조건에 맞추어 정확히 상품별로 비교를 해 보아야 한다.

정부의 부동산규제, 아파트담보대출 뿐만 아니라 전세자금대출까지 확대!

2020년부터 정부의 부동산대책에는 “전세”까지 포함이 되어 있다. 갭투자와 전세자금대출이 오히려 집값을 더욱 높이고 있다는 정부의 판단에 규제의 범위를 주택담보대출에서 전세자금대출까지 로 확대한 것이다. 대출규제를 늘리며 동시에 만든 임대차보호법으로 인해 의도하진 않았지만 전세 물량이 급감하는 효과를 얻게 되었고 주택 가격 뿐만 아니라 전세가격 까지 역대 최대치로 오르게 된다. 그로 인해 비교 없이 전세자금대출을 알아보지 않고 부동산 말만 믿고 무리하게 가계약을 했다가 손해보는 경우가 많이 발생되고 있다. 매물 자체가 너무 귀하다 보니 무리 해서라도 가계약을 해야만 전세 집을 구할 수 있기 때문이다. 뱅크몰의 경우 전세자금대출 전문 팀이 따로 만들어져 있기에 계약 전 간단한 집에 대한 정보와 채무자의 간단한 정보를 통해 미리 가능여부를 체크해 볼 수가 있다. 따라서 계약 전이라면 꼭 한번 간단한 상담을 통해 전세자금대출 가능 여부를 미리 확인해 보고 계약하는 것을 추천한다.

사업자 아파트담보대출과 추가담보대출까지 금리교로 확인

주택담보대출 금리비교 서비스는 1금융권 은행에 국한된 것이 아니라 2금융권까지 포함되어 있다. 따라서 보험사는 물론 캐피탈이나 저축은행 같은 2금융권 상품 까지도 필요에 따라 상품 비교가 가능하다. 사업자아파트담보대출이나 추가자금대출과 같은 경우에는 금리보다는 한도가 더 중요하기 때문에 많은 금융사를 비교해 볼수록 유리하다. 하지만 주택담보대출을 위해 무리하게 신용조회를 2금융권에서 하게 될 경우 등급하락으로 이어질 수도 있으며, 개인정보 유출의 위험성 역시 갖게 된다. 대부분 전문적이지 못한 아파트추가대출 비교 사이트들의 경우 한도에 대한 전문적 지식이 없기에 가능한 모든 금융사에 동시 다발적으로 조회를 넣어보며 가능 한도를 체크하기에 신용등급 하락은 물론 상담을 마친 후 정보 유출로 인한 광고전화가 엄청나게 많이 오게 된다. 하지만 뱅크몰은 모든 2금융권 사업자주택담보대출 상품들의 조건을 미리 파악 후 고객의 원하는 조건에 대입하는 방식으로 신용조회 없이 추가대출 가능여부를 체크해 주고 있다. 따라서 개인 정보 유출은 물론 등급 하락없이 상담이 가능하다는 장점이 있다.

비대면 혁신금융 서비스에 주목

코로나19로 인해 외출이 자유롭지 못한 지금, 은행에 직접 방문하는 것 자체만으로도 부담이 된다. 따라서 은행은 물론 모든 금융사들이 온라인 금융 서비스에 집중하고 있다. 뱅크몰의 경우 이미 9년 전부터 주택 담보대출 금리비교 시장을 온라인으로 가져와 비대면 금융시장을 주도하고 있었다. 따라서 온라인 주택 담보 대출에 대한 가장 많은 노하우와 가장 많은 데이터를 보유하고 있다. 따라서 비대면으로 진행되는 상담이 처음이라 불안하다면 온라인 주택담보대출 전문 비교사이트 뱅크몰을 이용하는 것이 유리하다.

믿을 수 있는 주택담보대출 금리비교사이트 찾는 방법은?

최근 온라인 대출시장이 활성화가 되면서 주택 대출 금리비교 유사 사이트들이 많이 생겨나고 있다. 이러한 유사 사이트들의 가장 큰 문제점은 정확한 정보를 소비자들에게 제공하기 어렵다는 것이다. 간단히 은행들의 금리만 안다고 해서 정확한 안내가 이루어지진 않는다. 금융 소비자의 소비 패턴과 상환 방식에 맞는 주택담보대출 상품을 체크해야 하기에 전문적 지식 없이는 불가능하다. 그리고 주택담보대출의 경우 같은 은행이라 하더라도 상품의 “기준이 되는 금리”를 어떤 것으로 쓰는지에 따라(금융채, 코픽스, 국고채 등) 금리 자체가 달라지게 된다.

두번째로 주택 담보대출 금리비교 자체가 모두 비대면으로 이루어 지기 때문에 신뢰성 역시 매우 중요하다. 나의 전재산을 한번도 만난 적이 없는 담당자와 상담 받는 것과 같기 때문에 제공하는 정보에 신뢰성이 있고 개인정보 유출의 문제가 없는지 꼭 체크해 보아야 한다.

따라서 주택담보대출 금리비교에 있어서 공신력이 있고 오랜 기간동안 많은 경험을 통해 노하우가 축적된 실력 있고 안전한 전문 사이트를 찾는 게 매우 중요하다. 뱅크몰은 SBS 스페셜, KBS2 무한리필 샐러드, MBC라디오 등 지상파 TV에 소개된 유일한 주택담보대출 금리비교 사이트이다. 그리고 케이블 TV에서는 여러 차례 소개가 되었기 때문에 신뢰도가 가장 높다고 볼 수 있다. 또한 주택담보대출 금리비교 사이트 중 가장 오랜 기간 동안 방문자 수 1등을 유지하고 있기에 가장 많은 노하우를 보유하고 있다. 따라서 주택담보대출 비교 상담이 필요하다면, 뱅크몰은 꼭 먼저 확인해 보는 것이 좋다.

소개된 주택담보대출 금리비교 사이트의 경우 아파트대출 뿐만 아니라 오피스텔, 단독주택, 다가구주택 과 같은 주거용 주택 건물은 물론 상가대출, 토지대출 등 특수물건부터 PF자금과 같은 공사자금까지 모든 자금에 대해서 상담이 가능하다. (지역에 따라 상담이 어려울 수는 있음) 또한 금리비교 뿐만 아니라 정부의 규제에 대한 간편 상담 역시 가능하다.

현재 코로나로 인행 경기 침체가 장기화되며 한국은행 기준금리가 역대 최저치를 계속 유지하고 있으며, 그로 인해 은행 역시 주택담보대출 금리를 쉽게 올리지 못하고 있다. 기존에 아파트를 담보로 받고 있는 대출 금리가 높다면 이번 기회에 주택담보대출 갈아타기를 통해 더 낮은 이율의 은행으로 갈아타기 가장 좋은 시기이기에 꼭 한번 이자를 낮출 수 있는 방법이 없는지 비교 해 보기 바란다.

추가 부동산 뉴스

현재 한국은행 기준금리는 0.5%로 역대 최저금리를 유지하고 있으며, 은행 연합회에서 발표되는 코픽스 금리의 경우 신규코픽스 0.9% 잔액 1.17%, 신잔액 0.93%으로 나오고 있다. 잔액은 0.04% 신잔액의 경우 소폭 감소하였다. 현재 주택담보대출의 경우 최저 2.55% 정도로 형성되어 있다고 한다. 이처럼 주택담보대출에 저금리 시대가 지속되며 부동산 가격까지 급격히 오르게 되어 수도권에서는 내국인 뿐만 아니라 외국인 까지도 부동산 시장에 뛰어들고 있다. 한국 부동산원에 따르면 아파트와 주택 그리고 오피스텔 등 부동산을 구매한 외국인 거래가 2만 1,048건으로 전년도 보다 18.5%나 증가하였다. 지역별 주택 거래량을 보면 경기도가 8,975건 서울시가 4,775건 인천 2,842건 등 수도권에 집중된 것으로 보인다.

외국인의 경우 주택담보대출 비율과 총 부채상환비율 등의 아파트대출 규제로부터 상대적으로 자유롭기 때문에 내국인이 역차별을 받고 있다는 일각의 지적도 나오고 있다. 내국인의 경우 서울을 비롯한 전국 투기과열지구에서 15억을 초과하는 아파트나 주택을 구매하는 경우 주택담보대출이 불가능 하지만, 외국인의 경우 은행을 이용 하여 주택구입자금 확보가 가능하기 때문이다. 이렇게 아파트담보대출을 통한 투기성 외국인의 부동산 거래량이 늘어나게 되면 상대적으로 매물이 그만큼 줄어들게 되고 집값 상승에도 악영향을 주기에 국민들의 피해가 우려된다.??



"
아주경제,[박승준의 지피지기] 美 레드라인 넘으면 봉쇄 中신냉전 부추기는 망상,"●중국군이 대만에 대해 군사공격을 하거나 경제 봉쇄, 사이버 공격을 할 경우. ●센가쿠 제도에 배치된 일본군에 대한 중국군의 공격이나, 동중국해의 배타적 경제수역(EEZ)에 대한 공격. ●남중국해에서 중국이... ",2021-02-07 20:06:00,사이버 공격,http://www.ajunews.com/view/20210207074520728,"중국 뒤집어놓은 미국 ""시진핑 교체 보고서""

중국공산당 기관지 인민일보가 발행하는 국제문제 전문지 환구시보(環球時報 · Global Times) 기자가 지난 1일 중국 외교부 기자회견장에서 왕원빈(汪文斌) 대변인에게 질문을 던졌다.“미 어틀랜틱 카운슬은 일전에 익명으로 발표한 중국에 관한 보고서에서 중국에 대한 냉전을 책동했다. 이 보고서는 조지 케넌의 ‘Telegram’과 비교해서 ‘The Longer Telegram’이라고 칭했다. 이에 대한 논평은?”왕원빈 대변인의 대답은 이랬다.“이 보고서는 익명이라는 형식으로 발표됐다. (미국내) 일부 인사들의 어두운(陰暗) 심리와 나약(懦弱)한 마음가짐을 폭로한 것이다. 현 세계에서 ‘신냉전’을 부추기는 의식형태는 시대조류를 거스르는 움직임으로, 인심을 얻지 못할 것이다. 중국에 대해 정권교체를 하겠다고 떠들어대고, 중국을 봉쇄하겠다고 떠드는 것은 더욱더 바보같은 망상에 불과하다.”왕 대변인은 한 걸음 더 나아갔다.“어틀랜틱 카운슬의 익명의 보고서건, 폼페이오 류(流)의 중국공산당에 대한 비방과 공격이건, 모두가 거짓말과 루머로 이루어진 ‘황당 발언록’이요, ‘음모론’이다. 중국공산당은 인민들의 행복을 위해, 민족의 부흥을 위해, 세계의 대동단결을 위해, 광명이 빛나고, 도(道)에 맞는 일들을 한다. 루머로 먹칠한다고 중국의 전진을 가로막을 수는 없다. 중국의 내정에 간섭하고, 중국의 정치제도를 바꾸려는 기도는 중국 인민들의 정면공격을 받게 될 것이다.”어틀랜틱 카운슬은 2차 대전 직후 미국과 유럽의 국제문제에 대한 견해를 조율하기 위해 조직된 협의회로, 워싱턴에 사무실을 두고 있다. 2009년 카운슬 회장이었던 제임스 존스는 오바마 대통령의 안보보좌관으로 발탁 됐고, 후임 회장 척 헤이글 상원의원은 오바마 행정부의 국방장관이 됐다. 이후 공화당 소속의 제럴드 포드 대통령과 아버지 부시 대통령의 국가안보보좌관을 지낸 브렌트 스코크로프트가 보드 디렉터를 지냈고, 후임자로는 트럼프 대통령이 중국대사로 보냈던 존 헌츠먼이 지명됐다. 어틀랜틱 카운슬은 민주당과 공화당 어느 정당 한쪽에 치우치지 않는 기구라는 평가를 받고 있다.어틀랜틱 카운슬이 1월 28일 발표한 ‘The Longer Telegram’은 표지에 진시황릉의 황토색 토용 사진을 커다랗게 실었고, 작성자는 ‘Anonymous(익명)’이라고 표시했다. 서문에서는 “중국에 대한 전문지식과 경험을 갖고있는 전직 정부 고위관리들이 작성했다”고 설명했고, “소련에 대한 그랜드 전략에 대해 작성된 1946년 조지 케넌의 ‘long telegram’과 비교될 수 있도록 ‘The Longer Telegram’이라는 제목을 붙였다”고 했다. 소련(U.S.S.R.) 주재 미국 대리 대사였던 조지 케넌이 작성해서 미 국무부로 보낸 전문 ‘long telegram’의 골자는 “미국 안보를 위해 소련을 봉쇄하면 소련은 내부에서 붕괴될 것”이라는 것이었다. 이 보고서는 1947년 7월 미 외교전문지 포린 어페어즈(Foreign Affairs)에 ‘Mr. X’라는 가명으로 공개됐고, 이후 미국의 소련정책 기조에 가장 큰 영향을 미친 보고서였던 것으로 평가됐다.‘The Longer Telegram’의 내용 가운데 가장 충격적인 부분은 현 중국 최고 권력자 시진핑(習近平) 체제를 교체해야 한다고 주장한 부분이다. 보고서는 결론 첫 문장에서 “시(習)를 적절한 시기에 보다 전통적인 공산당 지도체제로 교체하는 전략이 성공적으로 추진되는 것이 불가능하다고 믿을 아무런 이유도 없다”고 했다. 시를 교체해야 하는 이유에 대해서는 “그는 중국을 고전적인 마르크시즘-레니니즘 국가로 되돌려놓았을 뿐 아니라, 마오쩌둥(毛澤東)과 유사한 개인숭배를 조장해서 자신의 정적들에 대한 체계적인 제거를 추진하고 있기 때문”이라고 했다. 뿐만 아니라, “시진핑은 중국이 덩샤오핑(鄧小平), 장쩌민(江澤民), 후진타오(胡錦濤) 등 전임자들이 그동안 추진해온 시장경제 개혁을 중단시키고, 민간부문을 당의 직접 통제 아래 두도록 만들고 있다”고 했다. 뿐만 아니라 “자신의 권위에 대한 국내외 도전에 맞서 중국을 단결시키기 위해 ‘인종적 민족주의(ethnonationalism)’을 채택해서, 다루기 힘든 국경지대의 소수민족들에 대해서는 대량학살(genocide)을 자행하고 있다”고 주장했다.그런 시진핑이 이끄는 중국은 “21세기의 미국에 가장 주요한 도전이며, 중국의 굴기(rise)는 그 경제 규모나 군사력 규모, 기술진보의 속도로 보아도 미국의 국익에 대한 가장 근본적인 충격을 주고 있다”고 보고서는 적시했다. “그런 중국의 도전은 최근 20년 동안 점차로 확대되어왔으며, 시진핑이 권력을 쥔 다음 이 도전은 더욱 가속화 되어왔다”고 했다.보고서는 특히 중국이 다음의 다섯 가지 ‘레드 라인(red line)’을 넘을 경우 중국을 저지하기 위해 고위 외교 채널을 통해 베이징에 분명한 경고를 전달해야 한다고 권고했다.●중국이 핵무기나 화학 생물 무기로 미국이나 동맹국들을 공격하려 할 경우, 또는 북한이 그런 행동에 나서는 것을 방지하기 위한 결정적인 행동을 중국이 취하지 않을 경우.●중국군이 대만에 대해 군사공격을 하거나 경제 봉쇄, 사이버 공격을 할 경우.●센가쿠 제도에 배치된 일본군에 대한 중국군의 공격이나, 동중국해의 배타적 경제수역(EEZ)에 대한 공격.●남중국해에서 중국이 군사적 적대 행동을 하거나, 미국 군함의 자유항행을 저지하기 위해 중국이 군사력을 배치할 경우●미 동맹국들의 영토나 군사시설에 대한 중국의 공격이 있을 경우물론 어틀랜틱 카운슬의 보고서 내용을 바이든의 미 행정부가 어떻게 평가하고 있는지는 알려져 있지 않다. 왕원빈 중국 외교부 대변인이 이 보고서에 대해 “(미국내) 일부 인사들의 어두운(陰暗) 심리와 나약(懦弱)한 마음가짐을 폭로한 것”이며 “중국을 봉쇄하려는 것은 바보 같은 망상에 불과하다”고 맹비난한 것은 바이든 대통령에 대한 사전 경고 의미를 담은 조치였다고 봐야 할 것이다.중국 외교부는 The Longer Telegram에 대해서 격앙된 반응을 보인 것과는 달리 이 보고서 발표 1주일 뒤인 4일 있었던 바이든 대통령의 최초 외교정책 연설에 대해서는 온건한 반응을 보였다. 미 국무부 트루먼 빌딩에서 있었던 바이든 대통령의 외교정책 연설은 ‘America’s place in the world(미국의 세계적 위치)’라는 제목으로, 그리 길지도 않았다. 중국을 “우리 미국의 가장 심각한 경쟁자(most serious competitor)”로 표현하면서 “중국이 우리의 번영과 안전, 그리고 민주적 가치에 직접적인 도전을 하고 있다”고 표현했다. 그러면서도 “우리는 미국의 이익이 걸린 문제에 대해 베이징과 함께 일할 준비가 되어있다”고 말했다.바이든의 외교정책 연설에 대해 중국 외교부 왕원빈 대변인은 5일 기자회견에 나와 이런 말을 했다.“평화 발전과 윈윈 협력은 현재의 시대 조류이다. 중국은 세계 평화의 건설자이자 전 세계 발전에 대한 공헌자, 국제질서의 수호자이다. 중국의 발전은 곧 세계 평화 역량의 증가를 뜻한다. 중국은 각국과 우호협력관계를 적극 발전시킬 것이며, 신형 국제관계를 건설해서 인류 운명 공동체를 건설할 것이다.”2017년 1월 트럼프 대통령 취임 직전에 당시 오바마 대통령 정부의 부통령이던 바이든을 다보스에서 만났던 시진핑 국가주석은 미국과 중국이 주도하는 “신형 대국(大國)관계”를 국제질서의 흐름으로 제시했었다. 이번에 왕원빈 대변인은 “신형 대국관계”라는 말을 “신형 국제관계”라는 말로 바꾸어놓았다. 4년 전 바이든에게 “미국과 중국이 주도하는 세계질서를 구축하자”고 했던 시진핑은 1월 25일 다보스 포럼 연설에서는 “다자(多邊)주의의 횃불로 인류의 앞날을 밝히자”라고 강조했다. ‘신형 대국관계’라는 표현을 ‘다자주의’라는 말로 바꾸어놓았다. 중국이 상대해야 할 대상을 대국인 ‘미국’에서 ‘국제사회의 다자(多者)’로 바꾸어놓은 것이다.어틀랜틱 카운슬의 보고서 The Longer Telegram은 특히 우리와 관련해서는 “한국이 중국에 대해 전략적으로 표류(drift)하는 것을 방지하기 위해 일본과 한국의 관계 정상화를 추진해야 한다”고 권고했다. 이 보고서의 표현에 따르면 한국은 중국과 미국 사이에서 중국을 향해 전략적 표류를 하고 있는 셈이다. 실제로 문재인 대통령과 시진핑의 전화통화는 1월 26일에 이뤄졌고, 문 대통령과 바이든의 통화는 9일 후인 지난 2월 4일에야 이뤄졌다.바이든 정부의 첫 국무장관 토니 블링컨과 중국 외교담당 정치국원 양제츠는 2월 6일 이뤄진 첫 미·중 외교 접촉에서 대만문제, 신장(新疆)위구르 자치구 문제, 홍콩문제, 티베트 문제에 대한 미국의 개입에 대해 “내정간섭이다”, “민주적 가치에 대한 지원이다”로 맞서며 날선 신경전을 벌였다. 앞으로 미·중 충돌이 본격화 될 경우 우리는 과연 어디로, 어디까지 표류해가게 될까."
디지털타임스,[포럼] 한미 사이버안보협력 강화 절실하다,염흥열 순천향대 정보보호학과 교수 사이버 공격이 국경을 넘어서 특정 산업 부문을 가리지 않고 발생하고 있다. 조직화된 해킹 그룹부터 국가가 주도하는 공격까지 다양하다. 국가의 기밀정보와 개인의 민감 정보의... ,2021-02-07 19:43:00,사이버 공격,http://www.dt.co.kr/contents.html?article_no=2021020802102369607001&ref=naver,"

염흥열 순천향대 정보보호학과 교수





사이버 공격이 국경을 넘어서 특정 산업 부문을 가리지 않고 발생하고 있다. 조직화된 해킹 그룹부터 국가가 주도하는 공격까지 다양하다. 국가의 기밀정보와 개인의 민감 정보의 유출되거나 파괴되고 있고, 공공과 민간 정보시스템의 운영이 중단되고 있다. 개인의 사생활 침해에서 국민 필수 서비스의 마비를 초래하는 국가 안보에 까지 영향을 미치고 있다. 제4의 영토인 사이버 공간을 지키기 위한 사이버안보는 여러 국가들이 협력해 함께 해결해야 할 글로벌 의제가 됐다.국제전기통신연합(ITU)의 글로벌사이버보안아젠더(GCA)에서는 날로 지능화되고 있는 사이버 공격에 대처하기 위해서는 법적 조치, 기술·절차적 조치, 조직적 조치, 역량 개발, 국제협력 등 5가지 차원의 조치가 필요하다고 역설하고 있다. 전 세계 국가의 사이버보안 준비 태세를 평가해 2018년에 발표된 ITU 글로벌사이버보안지수 (GCI)에서 우리나라는 15위를 차지했고 미국은 2위를 차지했다. 우리나라 사이버 위협 준비 태세에 개선 여지가 있다는 반증이다.우리 정부 차원에서 최초로 2019년에 발표된 국가 사이버안보 전략은 △국가운영 시스템의 생존성과 복원력 강화 △국가 사이버위협 대응 역량의 지속적 고도화 △사이버안보의 핵심 역량이 되는 산업 경쟁력 향상을 위한 성장기반 확충 △안전한 사이버 문화의 정착과 사이버안보 선도국가로서 리더십의 확대 등을 핵심 목표로 제시했다.미국 트럼프 행정부에서 2018년 발표된 미국 사이버안보 전략에서는 △미국 내 네트워크, 시스템, 데이터 보안 강화 △강화된 사이버안보 환경에서 디지털경제와 기술혁신 증진 △미국의 국제 평화와 국가안보 증진 △국제 인터넷 환경과 기술에서 미국의 리더십 확대 등을 핵심목표로 제시했다.사이버보안은 이제 모든 산업 부문의 디지털 전환을 성공적으로 완수하고 디지털 경제의 신뢰를 확보하기 위한 전제 기술이 되고 있다. 미국은 세계 최고의 사이버보안 기술력을 갖춘 많은 기업을 보유하고 있고 자국의 정보시스템을 방어하기 위해 많은 자원을 투입하고 있다. 최근 '제2차 정보보호산업 진흥 계획'에서 우리나라 정보보호 기술 수준은 미국 대비 89.7%로서 점진적으로 상승 추세이나 아직 미국과의 기술 격차는 여전한 것으로 알려지고 있다. 또한 국내 인공지능 기술 수준은 미국대비 78% 수준으로 아직 많이 미흡한 것으로 밝혀졌다.한국과 미국의 국가 사이버안보 전략에는 많은 공통분모가 있지만, 그 중에서 양국 모두가 주요 정보기반시설을 보호하고 사이버 선도국가로서 국제 리더십을 강화를 모색하고 있다는 점에 주목할 필요가 있다. 미국 바이든 정부는 최근 데이터 보호와 사이버 보안 강화를 추진하고 있고 이를 위해 원천기술 개발과 글로벌 표준화, 기업의 연구개발 지원을 집중한다고 밝혔다. 또한 대규모 해킹 사고로부터 복구하기 위해 해박한 지식과 경험을 갖는 사이버 안보 전문가로 사이버안보팀을 재정비하겠다고 밝혔다. 미국 바이든 행정부는 이전 트럼프 행정부보다 사이버안보 협력 및 조정 기능을 강화할 태세다.최근 양국의 국가안보실장은 바이든 정부 출범 후 첫 전화 회의를 통해 한반도 비핵화에 공동 노력을 기울이기로 했고, 코로나19, 경제 회복, 사이버 등 글로벌 이슈에서도 적극 협력하는 것이 긴요하다는 데 인식을 같이 했다고 알려졌다. 양국 국가안보 실장이 사이버 이슈 협력이 필요하다는 인식을 공유한 점은 높이 평가되어야 한다. 사이버안보는 국가 안보 일환으로 대응돼야 한다. 우리 국가 안보에 크게 영향을 주는 한미간 사이버안보 협력 강화를 위해서는 다음의 사항을 고려해야 한다.첫째, 한미간 사이버안보 협력은 동맹차원에서 더욱 중요하게 다뤄져야 하고 강화해야 한다. 글로벌 사이버 위협 상황을 평가해 우리나라 사이버 신뢰 체계 강화를 위한 조치를 찾기 위함이다. 우리나라 국가안보실과 미국 백악관 국가안보실 간의 상시적 협력 의제가 있어야 한다. 이를 통해 양국간 협력의 방향과 범위, 틀이 결정되어야 한다. 이를 바탕으로 분야별 사이버보안을 책임지고 있는 국무부 등 미국 정부부처와 과기부 등 우리 정부부처 등과의 수평적 협력 확대도 고려해야 한다. 국내적으로는 새로 들어설 백악관 사이버안보팀에 대응할 우리 국가안보실 사이버안보팀의 역할 강화도 필요하며, 사이버안보 비서관의 부활도 고려할 필요가 있다. 다차원적 인적 교류의 폭과 범위도 조정돼야 한다.둘째, 우리나라의 정보보호 제품과 서비스의 경쟁력을 강화하기 위해 양국 기업간의 협력 확대를 위한 윈·윈 사례를 만들고 확산해야 한다. 첨단 정보보호 기술을 보유한 미국 기업과 우리나라 기업 간의 첨단 사이버보안 기술의 공동 R&D를 확대해 우리 정보보호 산업 경쟁력의 강화를 도모해야 한다. 양국의 정보보호 산업협회간의 협력 플랫폼의 제공 등을 통해 협력 범위와 깊이를 확대해야 한다. 이는 사이버안보의 핵심 역량이 되는 기술, 인력, 산업 경쟁력 향상을 위한 기반을 확충하는데 도움을 주기 때문이다.셋째, 사이버보안 국제 표준화를 위한 협력 강화도 필요하다. 미국 국무부는 6G 보안 등을 위해 ITU에서 국제 표준화 리더십의 강화를 꾀하고 있음에 주목해야 한다. 우리나라도 ITU에서 사이버보안 분야 국제 표준화를 주도할 필요가 있으므로, 6G 보안, AI 기반 보안 관제, 차량 사이버보안 등 첨단 사이버보안 분야에서 미국과의 양자간 협력을 통해 효과적인 사이버보안 분야의 국제 표준화를 추진할 필요가 있다.넷째, 사이버 침해 사고에 효과적으로 대응하기 위해서는 양국간 사이버 침해 사고의 실시간 대응을 위한 다차원적 사이버보안 정보 공유가 필요하다. 양국의 공공 영역 침해대응조직과 민간 침해사고 대응조직과의 수평적 공유도 필요하다. 이는 날로 지능화되고 있는 사이버 위협에 효과적으로 대응해 국민생활에 밀접한 서비스를 중단 없이 제공하기 위한 국가 운영시스템의 생존성과 복원력의 강화를 위해 필요하기 때문이다.우리나라의 사이버 공간의 안정성과 신뢰성을 확보하기 위한 첫 단추는 한미 간 사이버안보 협력으로 시작해야 하며, 이를 바탕으로 다른 주요국으로 확대해야 한다."
국방일보,육·해·공+사이버 공간까지…네 개 전선 동시 공격,러시아는 재래식 군사력이 투사되기 하루 전인 8월 7일 조지아의 지휘체계를 무력화시키기 위한 사이버 공격 준비 사격을 개시했다. 8일 절정에 이른 집중적 사이버 공격으로 외부세력이 조지아의 주요 서버를 통제하게... ,2021-02-07 10:13:00,"사이버 공격, DDos",http://kookbang.dema.mil.kr/newsWeb/20210208/1/BBSMSTR_000000100135/view.do,"

물리적 전쟁 수 주일 전부터 러시아 민간 해커 모집해 훈련

이틀간 디도스 공격 조지아 정부·언론 사이트 완전 마비

전쟁 관련 정보 받을 수 없게 된 시민들 충격과 공포 휩싸여

재래식·사이버 전쟁 결합된 첫 번째 하이브리드 전쟁



사이버 공간에서의 드레스 리허설



러시아 해커들의 본격적인 움직임은 공교롭게도 군사훈련과 맞아떨어졌다. 러시아의 군사훈련은 7월 5일 시작되었고, 미국과 조지아의 연합훈련이 시작된 둘째 주부터 실기동훈련 단계로 전환되었다. 사이버공간에서 실시된 해커들의 훈련도 실기동 훈련에 맞춰 7월 18일경부터 본격화되었다. 러시아가 곧 있을 대규모 전쟁을 위하여 7월에 두 번의 드레스 리허설(Dress Rehearsal·의상과 분장을 갖추고 실제와 동일하게 행해지는 연극의 마지막 총연습)을 실시한 것이다.



서구 사이버보안 전문가들은 7월 18일부터 이틀간 발생한 분산 서비스 거부(디도스, DDoS) 공격을 받아 조지아 정부의 일부 웹사이트가 마비되었다는 사실을 알아차렸다. 미하일 사카슈빌리 조지아 대통령의 웹사이트가 주요 공격 대상이었고 24시간 동안 접속이 불가능한 상태에 놓였다. 디도스 공격을 명령한 C&C 서버(좀비PC를 통제하는 지휘 및 통제 서버)가 러시아의 한 지방 ISP(인터넷 서비스 제공 회사)를 사용했다. 그리고 공격 명령에도 러시아와 연관된 메시지가 있었다. 그러나 이것들은 정황적 증거였을 뿐 아직 공격의 배후로 러시아를 지목하기에는 부족했다. 그럼에도 이것들이 대규모 사이버 전쟁의 전조임에는 분명했다.





러시아의 군사 개입



2008년 7월부터 남오세티야 내 분리독립주의자의 테러 행위가 강도를 높여갔고, 급기야 8월 5일 남오세티야 자치정부가 조지아에 대한 선전포고를 발표했다. 8월 7일 중무장한 조지아의 군대는 남오세티야 자치공화국 내에서만 제한적 군사작전을 시도했다. 남오세티야가 보유한 약 3000명의 준군사조직은 조지아의 상대가 될 수 없었다. 문제는 오히려 그동안 조지아 내 자치공화국의 분리독립을 강력히 지원해 왔던 러시아였다.



러시아는 조지아의 제한된 군사행동에 대한 대응으로 조지아 전역에 대한 군사작전으로 맞섰다. 그들은 조지아 내 러시아계 주민과 자국의 평화유지군 보호를 명분으로 군사개입을 결정했다. 8월 8일 러시아의 전투기가 조지아 상공을 비행하며 군사목표를 타격하기 시작했다. 해군은 흑해를 봉쇄하여 조지아를 외부로부터 고립을 시켰다. 이미 조지아 내에 주둔하고 있던 평화유지군에 더해 ‘코카서스 프론티어 2008’ 훈련을 마치고 국경에서 대기 중이던 7만 명 이상의 러시아 육군도 조지아의 국경을 넘었다. 러시아는 전통적인 전장 공간인 육·해·공 세 개의 전선에서 조지아를 압박했다.





사이버 수단에 의한 전략목표 마비



그런데, 러시아는 육·해·공 세 개의 전선이 아닌 네 개의 전선에서 조지아를 공격했다. 그 네 번째 전선은 사이버공간이었다. 사이버 인프라 구축 상태와 국민의 인터넷 접근성이 세계 기준 최하위였던 조지아였지만, 그들 역시도 지휘 및 통제 시스템은 인터넷에 의존하고 있었다. 러시아는 재래식 군사력이 투사되기 하루 전인 8월 7일 조지아의 지휘체계를 무력화시키기 위한 사이버 공격 준비 사격을 개시했다. 8일 절정에 이른 집중적 사이버 공격으로 외부세력이 조지아의 주요 서버를 통제하게 되었다.



조지아의 대통령, 국방부, 내무부, 외교부, 의회 등의 웹사이트들이 디도스와 악성 바이러스, 웹사이트 위·변조 공격에 노출되어 그 기능을 완전히 상실했다. 전쟁 중 가장 중요한 의사결정을 내려야 할 대통령, 전쟁을 직접적으로 수행하는 국방부, 현재 상황을 국민들에게 알리고 통제해야 하는 내무부, 그들을 도울 수 있는 서방국가와 소통해야 하는 외교부, 입법을 통해 행정부의 기능을 도와야 하는 의회 등에 대한 전면적 사이버 공격이었다. 초기 사이버 공세는 조지아 내의 전략적 목표들에 대한 완벽한 무력화 시도였다.





민간에 대한 심리적 타격



민간 영역에 대한 러시아의 사이버 공격은 조지아 시민들을 충격과 공포로 몰아넣었다. 시민들은 대부분의 중요 정부 웹사이트에 접근할 수 없는 상태였다. 혹, 일부 조지아 시민이 웹사이트에 접속해도 러시아의 웹사이트 위·변조 공격이 만들어낸 각종 악의적 선전 문구만을 볼 수 있었다. 여기에 더해 조지아의 언론기관 역시도 집중 공격의 대상이었다. 전쟁 기간 디도스 공격으로 접속이 불가능했던 웹사이트들은 조지아 시민들이 가장 많이 사용하는 인터넷 커뮤니티 사이트, 뉴스포털, 영문 뉴스 사이트, 민영TV, 그리고 외국계 통신사 등이었다. 결국, 조지아 시민들은 전쟁의 발발, 계엄령의 선포, 전선의 상황, 위급 시 행동요령 등 긴급 상황에 필요한 각종 정보를 제공 받을 길이 없었다. 또한, 외국 정부와 해외 언론 역시도 조지아 내에서 벌어지는 상황에 대해 어떠한 정보도 얻을 수 없었다. 이외에도 조지아의 인터넷 서비스 제공회사, 통신사, 금융회사 등도 사이버 공격을 받아 무력화되었다.





육·해·공 + 사이버 공간에서의 완전한 패배



결국, 러시아는 육상, 해상, 공중, 그리고 사이버공간에서의 엄청난 공세로 단 5일 만인 8월 12일 조지아로부터 항복을 받았다. 재래식 군사력의 현격한 차이로 러시아의 손쉬운 승리는 당연했지만, 여기에 더해 조지아는 사이버공간을 너무 쉽게 러시아에 내줌으로 인하여 민·관·군에 대한 지휘통제력을 조기에 상실했다. 사이버공간을 활용한 러시아의 전략은 성공이었다. 러시아와 조지아 간의 전쟁은 앞으로 벌어질 새로운 형태의 전쟁 양상을 보여주는 중요한 사례이며, 이는 재래식 전쟁과 사이버 전쟁이 결합된 첫 번째 하이브리드 전쟁(Hybrid War)이라 하겠다.





필자 박동휘 소령은 육사 61기로 졸업·임관 후 美 워싱턴대에서 사이버전쟁과 전략에 관한 연구로 박사 학위를 받았다. 현재 육군3사관학교 군사사학과 학과장으로 근무하고 있다."
청년일보,[지난주 사건사고 주요이슈]'아이디 해킹'에 물거품 된 교사의 꿈...유전자 가...,◆'아이디 해킹'에 물거품 된 교사의 꿈...아이디 알면 본인인증 없이 접수 취소 가능 전북경찰청은 지난해 10월께 수험생 아이디를 해킹해 임용시험 원서 접수를 취소한 혐의(정보통신망법 위반)로 20대 A씨를 최근... ,2021-02-07 00:03:00,해킹,http://www.youthdaily.co.kr/news/article.html?no=61717,"【 청년일보 】삼성디스플레이가 세계 최초로 개발한 OLED(유기발광다이오드·올레드) 제조 관련 기술 일부를 중소기업체에 넘긴 연구원들에게 실형이 선고됐다.

세종특별자치시경찰청(세종경찰청)은 당진∼영덕고속도로 남세종 나들목에서 발생한 7명 사망 승합차 전복 사고와 관련해 전담 수사반을 꾸리기로 했다.

제주해경이 성산일출봉 갯바위서 목숨을 건 선원 구조 작전 펼쳤다. 성산일출봉 동쪽 절벽으로 최대한 접근해 해수면 위 25∼30ｍ까지 고도를 낮추는 고난도 구조활동을 벌였다.

◆유전자 가위 석학 김진수 전 교수 '특허 빼돌리기' 혐의 무죄

국고를 지원받아 개발한 유전자 가위 기술 관련 특허를 민간 업체 명의로 냈다는 의혹을 받은 김진수(55) 전 서울대 교수가 1심에서 무죄를 선고 받아.

검찰은 서울대와 기초과학연구원(IBS)에서 근무하면서 발명한 유전자 가위 관련 특허기술 2건에 대해 직무발명 신고를 하지 않은 채 툴젠 명의로 이전한 혐의를 적용.

""피고인들의 연구 결과가 한국연구재단 과제에 해당하는데도 이를 숨겼다고 단정하기 어렵다""며 ""동시에 여러 연구 수행시 특허 연구비 투입액의 엄밀한 산출 필요성에도, 아무런 증명이 없다""고 판시.

◆세종경찰청 '7명 사망 고속도 승합차 전복' 전담수사반 구성

대전 유성구와 세종 금남면 경계 근처인 당진∼영덕고속도로 남세종 나들목에서 발생한 7명 사망 승합차 전복 사고와 관련해 전담 수사반을 꾸리기로.

당진∼영덕고속도로 당진 방향 남세종 나들목(당진 기점 85㎞ 지점)에서 스타렉스 승합차가 굴곡 구간 과속에 연석과 도로변 왼쪽 하이패스 안내 표지판 기둥을 추돌해 전복.

이 사고로 7명(한국인 1명·중국인 6명)이 사망. 동승자 5명(한국인 1명·중국인 4명)도 다쳐 인근 병원에서 치료 중.

◆139억원 환치기에...인터넷도박 중간책 징역 1년

법조계에 따르면 대전 한 대학에 유학온 A(28)씨는 다수의 자국 동포들한테서 원화를 입금받고서 수수료를 뗀 뒤 실제 환율보다 조금 좋은 비율로 계산한 베트남 화폐를 베트남에 송금하다 적발.

A씨가 속칭 '환치기'를 통해 만진 금액은 139억9천253만여원에 달하고, 이 과정에서 수수료 명목으로 2천700만원가량을 챙긴 것으로 조사.

외국환거래법 위반과 도박공간개설 등 혐의로 기소된 A씨에 대해 대전지법 형사7단독 송진호 판사는 징역 1년을 선고하고, 2784만5063원 추징을 명령.

◆'세무서 칼부림' 피해 여성, 지난해 신변보호 요청

잠실세무서 칼부림 사건 을 수사 중인 서울 송파경찰서는 4일 이 남성이 피해자 중 여성과의 개인적 원한에서 범행한 것으로 잠정 결론을 내리고 정확한 동기 등을 조사.

잠실세무서 3층 민원실에서 남모(50)씨가 흉기로 30대 여성 A씨의 얼굴과 팔 등에 상처를 입히고 이를 말리던 다른 남성 직원 2명도 공격. 사건 직후 남씨는 독극물로 추정되는 액체를 마시고 병원 이송 뒤 숨져.

경찰은 남씨의 정확한 사인을 밝히기 위해 시신 부검영장을 신청하는 한편 잠실세무서 직원과 목격자 등을 상대로 정확한 범행 경위를 조사 중.

◆한낮에 아파트서 불…4살 여아 사망, 중국인 30대 엄마 중상

경남 김해시 구산동 12층짜리 아파트 6층에서 화재가 발생. 이 불로 아파트에 사는 4살 여자 어린이 1명이 현장에서 사망.

중국 국적의 30대 엄마는 얼굴과 양손에 2도 화상을 입고 인근 병원으로 이송. 엄마는 화상 정도가 심해 부산에 있는 전문 병원으로 다시 옮겨져 치료 중.

중국에서 귀화한 남편은 경기도에서 근무하는 주말부부라고 경찰은 설명.경찰과 소방당국은 일단 방화 가능성은 없는 것으로 보고 정확한 화재 원인을 조사 중.

◆헬기 조종 20년 경력에...이런 고난도 구조는 처음

돌풍이라도 불면 헬기는 절벽에 부딪혀 추락할 수밖에 없는 절체절명의 상황. 헬기는 체공한 채 선원들을 1명씩 끌어올려. 20여분에 걸친 필사의 구조작전을 펼친 끝에 해경은 선원 5명을 모두 무사히 구조.

해경이 이처럼 위험천만한 구조 작전을 전개할 수밖에 없었던 이유는 고립 선원들이 있던 곳이 암초 지대인데다 높은 파도 때문에 경비정이 접근할 수 없었기 때문.

제주지방해양경찰청 항공단 나창현 경위는 ""헬기 조종 20년 경력을 통틀어서도 이러한 고난도 구조는 처음이었다""고.

◆'아이디 해킹'에 물거품 된 교사의 꿈...아이디 알면 본인인증 없이 접수 취소 가능

전북경찰청은 지난해 10월께 수험생 아이디를 해킹해 임용시험 원서 접수를 취소한 혐의(정보통신망법 위반)로 20대 A씨를 최근 검찰에 송치.

A씨는 수험생 B씨 아이디와 비밀번호로 로그인해 '전북교육청 중등 온라인채용시스템'에 접속한 뒤 임용시험을 임의로 취소한 혐의.

B씨는 교육청에 시험을 치르게 해달라고 요청했지만 받아들여지지 않아 결국 수년간 준비했던 임용시험을 치르지 못했다고.

◆성추행 피해 장혜영 ""지지와 연대 힘입어 다시 일상으로""

당대표 성추행 피해자인 정의당 장혜영 의원이 의정활동에 복귀. 장 의원은 지난 1일 인스타그램에 국회 전경 사진과 함께 ""보내주신 사려 깊은 지지와 연대에 힘입어 다시 일상으로의 한 걸음을 내디딘다""고.

이어 ""차분히 할 일들을 하겠다""며 ""함께 있어 주셔서 정말 감사하다. 저 역시 여러분과 함께하겠다""고 다짐.

그는 ""모든 (성폭력) 피해자들에게 진심으로 연대의 마음을 전한다. 우리는 반드시 함께 일상으로 돌아갈 것""이라고 SNS에 기록.

◆OLED 기술 빼돌려 중소업체에 넘긴 삼성 연구원 2명 징역 2년

수원지법 형사15단독 이혜린 판사는 지난 5일 산업기술의 유출 방지 및 보호에 관한 법률 위반 등 혐의로 구속기소 된 삼성디스플레이 수석연구원 A(47) 씨와 책임연구원 B(38) 씨에게 각각 징역 2년을 선고

기술을 넘겨받은 디스플레이 장비업체 C사의 대표 D(47) 씨에게 징역 1년 8월을 선고하고 기술 유출에 가담한 C사의 이사와 C사의 계열사 대표에겐 각각 징역 1년에 집행유예 2년을 선고.

A씨 등은 2019년 11월부터 지난해 5월까지 삼성디스플레이의 OLED 제조용 OCR 잉크젯 라미 설비의 공정 스펙을 C사에 유출한 혐의 등으로 기소.

C사는 넘겨받은 자료를 이용해 시제품을 만드는 데 성공했으나, 마침 수사가 시작돼 해당 설비를 중국에 넘기지는 못한 것으로 파악.

◆술 취해 고속도로 역주행...차량 추돌로 1명 부상

술에 취한 30대 운전자가 고속도로를 역주행하다가 마주 오던 차량을 들이받아 1명이 다치는 사고가 발생. 당시 A씨의 혈중알코올농도는 면허 취소 수준.

경기 성남시 분당구 수도권제1순환고속도로 판교분기점 부근에서 하남 방향으로 역주행하던 A(30대)씨의 아반떼 승용차가 마주 오던 B(40대)씨의 SM3 승용차를 추돌.

경찰 관계자는 ""A씨의 차량과 피해 차량의 속도가 빠르지 않아 더 큰 부상으로 이어지진 않았다""며 ""A씨를 상대로 자세한 경위를 조사하고 있다""고.

【 청년일보=전화수 기자 】"
디지털데일리,"“공공에도 ‘잔디’ 깔립니다”…토스랩, 클라우드 보안인증 추진",현재 공공기관이 클라우드를 도입하기 위해선 과학기술정통과학부와 한국인터넷진흥원(KISA)의 클라우드 보안인증(CSAP) 획득이 필수다. 보통 잔디와 같은 SaaS 기업은 CSAP를 획득한 클라우드 인프라 서비스(IaaS)를... ,2021-02-06 12:44:00,클라우드 보안,http://www.ddaily.co.kr/news/article.html?no=209096,"-“업무할 땐 카톡 대신 잔디”…클라우드 기반 기업용 협업 툴

-SaaS로만 제공, CJ E&M·무신사·신성이엔지 등 27만개사 사용 중

-국내외 기업 확대, 올해 공공 클라우드 인증 추진





[디지털데일리 백지영기자] 지난해 코로나19로 촉발된 재택(원격) 근무 확산으로 협업 툴의 인기는 그 어느 때보다 높았다. 2015년 5월 클라우드 기반 협업 툴 ‘잔디’를 선보인 토스랩 역시 코로나 이전의 성장 속도와 비교해 2배 빠른 도입률을 목도하고 있다.





올해도 기업이 부담 없이 비대면 근무 환경을 누릴 수 있도록 서비스를 강화하는 한편, 공공 부문에도 본격 진출할 예정이다. 잔디는 아마존웹서비스(AWS)를 기반으로 제공되는 서비스형 소프트웨어(SaaS)다. 현재 공공기관이 클라우드를 도입하기 위해선 과학기술정통과학부와 한국인터넷진흥원(KISA)의 클라우드 보안인증(CSAP) 획득이 필수다.





보통 잔디와 같은 SaaS 기업은 CSAP를 획득한 클라우드 인프라 서비스(IaaS)를 활용해야 하는데, 현재까지 해외기업이 CSAP를 받은 사례는 없다. 잔디는 공공시장 진출을 위해 네이버클라우드 등 국내 기업과 협업할 방침이다.





김대현 토스랩 대표<사진>는 최근 디지털데일리와의 인터뷰를 통해 “3월부터 ‘잔디’에 대한 정부 클라우드 보안 인증 작업을 시작해 올해 내 완료할 계획”이라며 “이를 통해 공공 클라우드 사업을 본격화할 것”이라고 말했다.





토스랩이 공공사업을 준비하는 이유는 공공기관의 수요가 늘었기 때문이다. ‘잔디’를 사용할 수 있게 해달라는 공공기관의 요청이 부쩍 많아졌다. 이미 일부 정부 산하기관에서 사용 중이지만, 실제 업무에 활용하기 위해선 정부 인증이 필수다. 이를 위해 네이버클라우드 등 보안인증을 획득한 국내 사업자와 협력을 논의 중이다.





김 대표는 “특히 최근 정부부처와 공공기관의 서비스형 데스크톱(DaaS) 사업이 본격화되면서 그 위에 올라가는 소프트웨어에 대한 고민도 깊어졌다”며 “잔디와 같은 클라우드 기반 협업 툴이 공무원들의 업무 향상에 도움이 될 것”이라고 말했다.





현재 잔디는 약 28만개 기업의 230만명이 사용 중이다. 일단 사용하기 시작하면 유료 전환율이 45~50%에 달하는 만큼, 업무 연속성을 위한 필수 서비스로 자리잡고 있다. 2020년 10월 기존 구글 플레이스토어 앱 다운로드 수 기준 협업툴 분야 국내 1위를 기록하기도 했다.





일반기업부터 교구, 비영리단체, 대학교, 병원 등 다양한 산업군 뿐 아니라 소프트뱅크벤처스와 스파크랩 같은 벤처캐피탈(VC)도 잔디를 도입해 업무에 활용하고 있다. CJ E&M과 넥센타이어, 아워홈, 코스맥스, 무신사, 텐바이텐, 동성그룹, 온누리H&C 등이 대표적인 레퍼런스다. 올해 1월에는 ‘이동형 음압 병동’을 제공하는 신성이엔지와 탑엔지니어링 등을 고객사로 확보했다.

현재 잔디는 온프레미스(구축형)로도 제공되는 타 서비스와는 달리 오직 SaaS로만 제공된다. 커스터마이징, 보안 이슈로 구축형 제공을 요구하는 기업들도 있지만, 오히려 SaaS로 제공함으로써 궁극적으로는 소비자 니즈를 가장 빨리 맞출 수 있다는 자부한다.





김 대표는 “구축형 솔루션의 경우 업데이트 시간이나 개발비용 등의 이슈가 생기는 반면, 잔디는 별도의 비용 없이 다수의 사용자가 원하는 기능을 SaaS의 특성을 살려 빠르게 업데이트한다”며 “재무나 디자인 등 특정 부서가 필요한 서비스는 API를 통해 연결이 가능하다”고 설명했다.





이에 따라 잔디는 거의 매주 업데이트된다. 잔디가 활용되는 스마트 디바이스가 다양해지면서 세부적인 기능 업데이트는 수시로 이뤄지고 있다. 큰 기능은 1년에 3번 정도 업데이트된다. 최근에는 ‘할일관리’ 기능이 업데이트돼 사용자들의 호응을 얻었다.





김 대표는 “현재 관리자 기능의 경우에는 다양한 옵션을 제공해 일정부분 기업에 맞게 적용할 수 있다”며 “향후 5년 내 온프레미스에서 SaaS 협업 툴로 상당수가 넘어올 것”이라고 자신했다.





한편 최근 협업 툴 시장의 경쟁은 더욱 치열해지고 있는 상황이다. 지난해 카카오도 잔디와 유사한 실시간 기반 기업용 메신저 툴인 ‘카카오워크’를 런칭했다. 작년 세일즈포스에 인수된 슬랙을 비롯해 MS 팀즈, 플로우 등도 경쟁하고 있다.





그는 “이미 6년 넘게 시장에서 활동하면서 확보한 탄탄한 고객 기반을 통해 각종 객관적인 지표에서 비교 우위를 점하고 있다고 자신한다”며 “최근 협업 툴이 일반적인 용어로 자리잡으면서 고객 눈높이가 높아지고 있는데, 마켓쉐어에 안주하지 않고 고객 니즈에 맞출 수 있도록 더욱 노력하겠다”고 강조했다.





실제 토스랩은 지난해 8월 140억원의 투자를 추가로 유치하며 현재까지 270억원의 누적 투자금을 달성하며 제품 개발과 해외 시장 확장 등에 힘을 쏟고 있다.





그는 “지난해 동남아와 중앙아시아 시장을 공략하려고 했는데, 코로나 팬데믹으로 상황이 여의치 않았다”며 “다행히 코로나 이전에 진출했던 대만과 일본시장은 한국과 비슷한 성장 속도를 보이고 있다”고 말했다.





특히 대만의 경우, 300개 이상의 고객수를 확보하고 있으며 이중 유료 사용자도 100곳 이상이다. 게임개발사인 OMG와 교육기업인 조이잉글리시, 마케팅 에이전시 JS에드웨이즈 등이 주요 고객사다. 이밖에 일본과 UAE 등에도 고객사를 확보하고 있다.





잔디는 올해 사용성과 안정성, 보안기능을 강화하며 국내외 고객사 확대에 박차를 가할 계획이다. 보안강화를 위해 지난해 10월에는 국제정보보호인증인 ISO-27001를 국내 협업 툴 최초로 획득했다.





그는 “올해는 공공 클라우드 인증 작업과 함께 정부의 비대면 바우처 사업 등을 통해 더욱 많은 국내 기업이 어떤 환경에서도 업무 연속성을 가질 수 있도록 할 것”이라며 “이를 통해 올해도 최소 2배 이상 성장하는 한편 아시아 최고의 SaaS 기업이 되도록 노력하겠다”고 포부를 밝혔다.





<백지영 기자>jyp@ddaily.co.kr"
KBS,[클로즈업 북한] 갈수록 진화하는 공격…북한 ‘사이버 전력’,"그런 만큼 이 인터넷을 이용한 사이버 공격도 급증하고 있습니다. 국정원 보고에 따르면 우리나라 공공기관들이 받는 사이버 공격이 하루 평균 160만 건에 달한다고 하는데요, 놀라운 것은 공격의 90% 이상이 북한... ",2021-02-06 08:36:00,사이버 공격,http://news.kbs.co.kr/news/view.do?ncd=5112711&amp;ref=A,"[클로즈업 북한] 갈수록 진화하는 공격…북한 ‘사이버 전력’ 남북의 창 입력 2021.02.06 (08:13) 수정 2021.02.06 (08:35)

댓글

좋아요

공유하기 글씨 크게보기

가

글씨 작게보기

고화질 표준화질 자동재생 키보드 컨트롤 안내 동영상영역 시작 동영상 시작 동영상영역 끝 동영상 고정 취소

[앵커]



코로나19로 인해 비대면 생활 방식이 일상화되면서 인터넷의 중요성은 더욱 커지고 있죠.



그런 만큼 이 인터넷을 이용한 사이버 공격도 급증하고 있습니다.



국정원 보고에 따르면 우리나라 공공기관들이 받는 사이버 공격이 하루 평균 160만 건에 달한다고 하는데요, 놀라운 것은 공격의 90% 이상이 북한 소행으로 분석된다는 겁니다.



이번 주 은 북한 사이버 전력의 실태를 살펴봤습니다.



[리포트]



고급 주거 단지가 줄지어 늘어선 평양 미래과학자거리.



한 쌍의 남녀가 거리에 서서 태블릿 PC를 집중해서 보고 있다.



화면은 다름 아닌 조선중앙TV의 방송영상.



거리 곳곳에서 태블릿PC와 스마트폰을 즐기는 건 북한에서도 일상적인 모습이다.



[림예쁨/평양시민 : ""전에는 유선망이 있는 컴퓨터가 있는 곳에 가서야만 자료를 받을 수 있었는데 이제는 미래망(무선인터넷 프로그램) 가입하고부터는 그런 장소나 시간의 제한을 전혀 받지 않게 됐습니다.""]



그러나 북한 선전과는 달리 북한 주민의 인터넷 이용률은 아주 낮은 것으로 알려져 있다.



한 인터넷 통계 사이트의 보고에 따르면 북한의 인터넷 이용자는 약 2만 명. 전체 인구의 0.1%에 불과 한 것으로 조사됐다.



접속할 수 있는 네트워크 역시 국가 기관에 한정되어 있고, 접속망도 자체 인트라넷으로 제한하고 있다.



[라성호/만경대 해양기술교류사 : ""다른 나라의 무선망 회로 기술을 우리가 그대로 받아들인다면 우리 실정에 맞게 도입할 수 없습니다.""]



그런데 이런 북한의 내부 인터넷 환경과는 달리 외부를 상대로 한 사이버 전력, 즉 해킹 그룹들의 활동은 활발하게 진행 중이다.



[김승주/고려대학교 정보보호대학원 교수 : ""우리나라에 주요 공공기관을 대상으로 하루 평균 해킹 시도건수가 162만 건 정도 됩니다. 162만 건은 실제로 탐지가 된 것이 그런 것이고 내가 공격을 받았는데 모르고 있는 것도 있잖아요. 그런 것까지 다 포함하면 훨씬 더 많을 수 있다고 봐야 되겠죠.""]



지난해 12월, 북한 해킹그룹들이 국내외 제약사들을 상대로 해킹을 시도한 정황이 드러났다.



모두 코로나19 백신이나 치료제를 개발하는 업체. 보안 담당자를 사칭한 메일을 보내 아이디와 비밀번호를 입력하게 하는 수법이었다.



[코로나19 백신 관련 B사 관계자/음성변조 : ""피싱 사이트가 개설된 거로 알고 있어요. 데미지는 없었던 거로 파악했습니다.""]



국정원도 이 같은 사실을 확인하고 국회에 보고했다.



[하태경/국회 정보위원회 의원/2020년 11월 27일 : ""국내 백신, 코로나 백신 제약회사도 북한이 해킹 시도를 했다. 그러나 잘 막았다, 우리가...""]



코로나19 사태에도 북한의 해킹이 산업 전반에 더욱 확산하고 있음을 보여주는 사례.



북한의 해킹그룹은 어떻게 배출되고 활동하는 것일까?



북한이 사이버 전력을 보강하기 시작한 것은 1980년대 중반으로 알려져 있다. 군사·경제적 열세를 극복하기 위해 핵무기 개발과 함께 사이버 전력에도 주력한 것.



1986년 세워진 미림대학이 북한의 대표적인 사이버 전사 양성소로 알려져 있다.



[장세율/미림대학(現김일군사대학) 출신 탈북민 : ""우리가 (미림대학) 입학을 했을 때 기본 가르치는 게 그랬어요. 한·미 연합사 그리고 미국의 IT 발전 추세에 따라서기 위함이다. 먼저 가장 필요한 필수 과정이 데이터거든요. 그게 자료를 빼내는 해커잖아요. 그래서 그런 기술들이 이제 프로그램 학부에 전수가 되기 시작을 했죠.""]



여기에 1990년대 북한의 영재교육이 IT 분야로 확대되기 시작한 것도 북한의 사이버 전력 확충과 연관이 있다는 평가다.



[北 기록영화 ‘절세의 애국자 김정일 장군’ : ""컴퓨터 수재 양성 사업에 선차적 우위를 보유하시고 전국적 범위에서 인재들을 선발하여 어릴 때부터 전망성 있게 키우도록 조치를 취해주신 장군님...""]



북한 당국은 전국의 과학 영재들을 평양 제1중학교, 금성학원 등에 모아 집중적으로 교육했고, 미림대학, 김일성종합대학, 김책공대 등에 진학시켜 사이버전사로 양성했다.



[장세율/미림대학(現김일군사대학) 출신 탈북민 : ""1고등 중학교 중에서도 또 특설반이라고 수재반이 있어요. 수재반 경력을 가진 사람을 (대학에서) 뽑아가거든요. 그러니까 우리 때 보다 (양성) 수준이 더 높아졌다고 봐야죠.""]



지난 2009년엔 정찰총국을 신설하면서 사이버 공격을 국가 차원에서 더 조직화한 것으로 분석된다.



실제로 북한의 정찰총국 신설 직후 첫 대규모 사이버 공격으로 알려진 2009년 7.7 디도스 공격이 일어났다.



청와대와 국회, 미국 재무부, 미국 국토안전부 등 한, 미 주요 기관 전산망이 마비된 사태. 당시 디도스 테러에 사용된 인터넷 IP 주소가 북한으로 최종 확인되면서 북한의 사이버 공격은 세계적인 주목을 받기 시작했다.



[KBS 뉴스라인/2013년 3월 20일 : ""오늘 오후 KBS와 MBC, YTN의 전산망이 동시에 마비됐습니다.""]



2013년엔 언론사와 금융기관의 전산망을 동시다발적으로 마비시켰고, 2014엔 김정은 위원장의 암살 시도를 소재로 한 영화 '인터뷰'의 제작사 소니픽처스를 해킹해 북미 갈등을 낳기도 했다.



당시 미국 정부는 영화제작사에 대한 해킹을 심각한 안보 현안으로 부각했다.



[클래퍼/당시 美 국가정보국장 : ""최근 북한의 사이버 공격은 잠재적으로 수억 달러에 달하는 미국의 이익을 대상으로 한 가장 심각한 사이버 공격이며 피해를 줬습니다.""]



오바마 당시 미국 대통령도 해킹에 상응하는 보복 조치를 취했다.



정찰총국과 조선광업개발무역회사 등 단체 3곳과 개인 10명을 제재 대상으로 지정한 것이다. 북한 당국도 강하게 반발했다.



[조선중앙TV/2014년 : ""결국 소니 픽처스 영화제작보급사가 당한 처참한 봉변은 철두철미 못된 처사에 대한 응당한 징벌이고 부정의에 대한 정의의 대응이라고밖에 달리는 볼 수 없다.""]



그러나 북한 해킹 그룹은 거점을 해외에 두는 만큼 추적이 사실상 불가능한 게 현실이다.



[장세율/미림대학(現김일군사대학) 출신 탈북민 : ""걔(북한 해커)를 응징을 뭐 한다? 우리가 추적을 여기에서 하면은 정확히 지명할 수 없다는, 그러니까 대상자를 정확히 지명 못한다는 이 특징이 바로 비밀스러운 전쟁인 거죠. 자기네(북한 해커)는 ‘자기들을 잡을 수는 없다.’ 그렇게 이야기하는 거예요.""]



지난 2015년엔 미국 CNN이 중국 선양의 칠보산 호텔을 북한 해커들의 활동 거점 가운데 하나로 지목하기도 했다.



당시 해당 호텔은 강하게 부인했지만 결국 호텔은 지난 2018년 1월 중국이 정한 북한 기업 퇴거 시한에 맞춰 간판을 내렸다가 3개월 만에 이름을 바꿔 영업을 시작했다.



[중국 선양 칠보산호텔 직원/2018년 인터뷰 : ""정부 기관에서 영업을 못 하게 했어요. (나중에도 영업 안 하나요?) 잠시 영업 안 해요. 구체적으로 언제까지 안 하는지는 잘 모르겠어요.""]



지금도 중국과 유럽을 기반으로 상당수의 북한 해킹그룹이 활동하고 있는 것으로 추정되지만 추적은 갈수록 더 힘들 것이란 분석이다.



[김승주/고려대학교 정보보호대학원 교수 : ""클라우드나 도커 시스템이 워낙 요새는 발달해 있기 때문에 해커들이 자유자재로 근거지를 이동하면서 해킹 시도를 할 수가 있고 그래서 옛날보다는 해킹의 근거지를 추적하기가 훨씬 어려워졌다. 앞으로는 더 힘들 거다 이렇게 이야기하는 겁니다.""]



인터넷이 점점 발달하면서 현대사회에서 전쟁은 곧 사이버전이라 불릴 정도다.



IT 영재 발굴과 함께 전문 해커들을 양성하고 있는 북한. 피해가 전방위로 확산되고 있는 만큼 대책 마련을 위한 국제사회와의 공조가 절실하다는 평가다.

[클로즈업 북한] 갈수록 진화하는 공격…북한 ‘사이버 전력’

입력 2021-02-06 08:13:38 수정 2021-02-06 08:35:45 남북의 창

[앵커]



코로나19로 인해 비대면 생활 방식이 일상화되면서 인터넷의 중요성은 더욱 커지고 있죠.



그런 만큼 이 인터넷을 이용한 사이버 공격도 급증하고 있습니다.



국정원 보고에 따르면 우리나라 공공기관들이 받는 사이버 공격이 하루 평균 160만 건에 달한다고 하는데요, 놀라운 것은 공격의 90% 이상이 북한 소행으로 분석된다는 겁니다.



이번 주 은 북한 사이버 전력의 실태를 살펴봤습니다.



[리포트]



고급 주거 단지가 줄지어 늘어선 평양 미래과학자거리.



한 쌍의 남녀가 거리에 서서 태블릿 PC를 집중해서 보고 있다.



화면은 다름 아닌 조선중앙TV의 방송영상.



거리 곳곳에서 태블릿PC와 스마트폰을 즐기는 건 북한에서도 일상적인 모습이다.



[림예쁨/평양시민 : ""전에는 유선망이 있는 컴퓨터가 있는 곳에 가서야만 자료를 받을 수 있었는데 이제는 미래망(무선인터넷 프로그램) 가입하고부터는 그런 장소나 시간의 제한을 전혀 받지 않게 됐습니다.""]



그러나 북한 선전과는 달리 북한 주민의 인터넷 이용률은 아주 낮은 것으로 알려져 있다.



한 인터넷 통계 사이트의 보고에 따르면 북한의 인터넷 이용자는 약 2만 명. 전체 인구의 0.1%에 불과 한 것으로 조사됐다.



접속할 수 있는 네트워크 역시 국가 기관에 한정되어 있고, 접속망도 자체 인트라넷으로 제한하고 있다.



[라성호/만경대 해양기술교류사 : ""다른 나라의 무선망 회로 기술을 우리가 그대로 받아들인다면 우리 실정에 맞게 도입할 수 없습니다.""]



그런데 이런 북한의 내부 인터넷 환경과는 달리 외부를 상대로 한 사이버 전력, 즉 해킹 그룹들의 활동은 활발하게 진행 중이다.



[김승주/고려대학교 정보보호대학원 교수 : ""우리나라에 주요 공공기관을 대상으로 하루 평균 해킹 시도건수가 162만 건 정도 됩니다. 162만 건은 실제로 탐지가 된 것이 그런 것이고 내가 공격을 받았는데 모르고 있는 것도 있잖아요. 그런 것까지 다 포함하면 훨씬 더 많을 수 있다고 봐야 되겠죠.""]



지난해 12월, 북한 해킹그룹들이 국내외 제약사들을 상대로 해킹을 시도한 정황이 드러났다.



모두 코로나19 백신이나 치료제를 개발하는 업체. 보안 담당자를 사칭한 메일을 보내 아이디와 비밀번호를 입력하게 하는 수법이었다.



[코로나19 백신 관련 B사 관계자/음성변조 : ""피싱 사이트가 개설된 거로 알고 있어요. 데미지는 없었던 거로 파악했습니다.""]



국정원도 이 같은 사실을 확인하고 국회에 보고했다.



[하태경/국회 정보위원회 의원/2020년 11월 27일 : ""국내 백신, 코로나 백신 제약회사도 북한이 해킹 시도를 했다. 그러나 잘 막았다, 우리가...""]



코로나19 사태에도 북한의 해킹이 산업 전반에 더욱 확산하고 있음을 보여주는 사례.



북한의 해킹그룹은 어떻게 배출되고 활동하는 것일까?



북한이 사이버 전력을 보강하기 시작한 것은 1980년대 중반으로 알려져 있다. 군사·경제적 열세를 극복하기 위해 핵무기 개발과 함께 사이버 전력에도 주력한 것.



1986년 세워진 미림대학이 북한의 대표적인 사이버 전사 양성소로 알려져 있다.



[장세율/미림대학(現김일군사대학) 출신 탈북민 : ""우리가 (미림대학) 입학을 했을 때 기본 가르치는 게 그랬어요. 한·미 연합사 그리고 미국의 IT 발전 추세에 따라서기 위함이다. 먼저 가장 필요한 필수 과정이 데이터거든요. 그게 자료를 빼내는 해커잖아요. 그래서 그런 기술들이 이제 프로그램 학부에 전수가 되기 시작을 했죠.""]



여기에 1990년대 북한의 영재교육이 IT 분야로 확대되기 시작한 것도 북한의 사이버 전력 확충과 연관이 있다는 평가다.



[北 기록영화 ‘절세의 애국자 김정일 장군’ : ""컴퓨터 수재 양성 사업에 선차적 우위를 보유하시고 전국적 범위에서 인재들을 선발하여 어릴 때부터 전망성 있게 키우도록 조치를 취해주신 장군님...""]



북한 당국은 전국의 과학 영재들을 평양 제1중학교, 금성학원 등에 모아 집중적으로 교육했고, 미림대학, 김일성종합대학, 김책공대 등에 진학시켜 사이버전사로 양성했다.



[장세율/미림대학(現김일군사대학) 출신 탈북민 : ""1고등 중학교 중에서도 또 특설반이라고 수재반이 있어요. 수재반 경력을 가진 사람을 (대학에서) 뽑아가거든요. 그러니까 우리 때 보다 (양성) 수준이 더 높아졌다고 봐야죠.""]



지난 2009년엔 정찰총국을 신설하면서 사이버 공격을 국가 차원에서 더 조직화한 것으로 분석된다.



실제로 북한의 정찰총국 신설 직후 첫 대규모 사이버 공격으로 알려진 2009년 7.7 디도스 공격이 일어났다.



청와대와 국회, 미국 재무부, 미국 국토안전부 등 한, 미 주요 기관 전산망이 마비된 사태. 당시 디도스 테러에 사용된 인터넷 IP 주소가 북한으로 최종 확인되면서 북한의 사이버 공격은 세계적인 주목을 받기 시작했다.



[KBS 뉴스라인/2013년 3월 20일 : ""오늘 오후 KBS와 MBC, YTN의 전산망이 동시에 마비됐습니다.""]



2013년엔 언론사와 금융기관의 전산망을 동시다발적으로 마비시켰고, 2014엔 김정은 위원장의 암살 시도를 소재로 한 영화 '인터뷰'의 제작사 소니픽처스를 해킹해 북미 갈등을 낳기도 했다.



당시 미국 정부는 영화제작사에 대한 해킹을 심각한 안보 현안으로 부각했다.



[클래퍼/당시 美 국가정보국장 : ""최근 북한의 사이버 공격은 잠재적으로 수억 달러에 달하는 미국의 이익을 대상으로 한 가장 심각한 사이버 공격이며 피해를 줬습니다.""]



오바마 당시 미국 대통령도 해킹에 상응하는 보복 조치를 취했다.



정찰총국과 조선광업개발무역회사 등 단체 3곳과 개인 10명을 제재 대상으로 지정한 것이다. 북한 당국도 강하게 반발했다.



[조선중앙TV/2014년 : ""결국 소니 픽처스 영화제작보급사가 당한 처참한 봉변은 철두철미 못된 처사에 대한 응당한 징벌이고 부정의에 대한 정의의 대응이라고밖에 달리는 볼 수 없다.""]



그러나 북한 해킹 그룹은 거점을 해외에 두는 만큼 추적이 사실상 불가능한 게 현실이다.



[장세율/미림대학(現김일군사대학) 출신 탈북민 : ""걔(북한 해커)를 응징을 뭐 한다? 우리가 추적을 여기에서 하면은 정확히 지명할 수 없다는, 그러니까 대상자를 정확히 지명 못한다는 이 특징이 바로 비밀스러운 전쟁인 거죠. 자기네(북한 해커)는 ‘자기들을 잡을 수는 없다.’ 그렇게 이야기하는 거예요.""]



지난 2015년엔 미국 CNN이 중국 선양의 칠보산 호텔을 북한 해커들의 활동 거점 가운데 하나로 지목하기도 했다.



당시 해당 호텔은 강하게 부인했지만 결국 호텔은 지난 2018년 1월 중국이 정한 북한 기업 퇴거 시한에 맞춰 간판을 내렸다가 3개월 만에 이름을 바꿔 영업을 시작했다.



[중국 선양 칠보산호텔 직원/2018년 인터뷰 : ""정부 기관에서 영업을 못 하게 했어요. (나중에도 영업 안 하나요?) 잠시 영업 안 해요. 구체적으로 언제까지 안 하는지는 잘 모르겠어요.""]



지금도 중국과 유럽을 기반으로 상당수의 북한 해킹그룹이 활동하고 있는 것으로 추정되지만 추적은 갈수록 더 힘들 것이란 분석이다.



[김승주/고려대학교 정보보호대학원 교수 : ""클라우드나 도커 시스템이 워낙 요새는 발달해 있기 때문에 해커들이 자유자재로 근거지를 이동하면서 해킹 시도를 할 수가 있고 그래서 옛날보다는 해킹의 근거지를 추적하기가 훨씬 어려워졌다. 앞으로는 더 힘들 거다 이렇게 이야기하는 겁니다.""]



인터넷이 점점 발달하면서 현대사회에서 전쟁은 곧 사이버전이라 불릴 정도다.



IT 영재 발굴과 함께 전문 해커들을 양성하고 있는 북한. 피해가 전방위로 확산되고 있는 만큼 대책 마련을 위한 국제사회와의 공조가 절실하다는 평가다.

남북의 창 전체보기 기자 정보 KBS"
파이낸셜뉴스,여대생 아이디‧비번 해킹해 왜 임용시험 취소했을까…범행 동기 묵비권,시험을 코앞에 두고 본인도 모르게 누군가가 자기 아이디와 비밀번호를 해킹해 원서 접수를 취소해서다.... 따라서 범행동기가 아직까지 미궁속이다 전북경찰청 사이버수사대는 6일 “지인 아이디와 비번을 해킹해... ,2021-02-06 08:01:00,해킹,http://www.fnnews.com/news/202102052037357632,"진행중 코로나 백신 선택권이 있다면? fnSURVEY

전북경찰청, 정보통신망법 위반 20대 구속

아이디·비번 해킹해 임용시험 못 봐 억울

여대생 임용시험 취소한 남성 한번 아냐

【파이낸셜뉴스 전주=김도우 기자】 교원 임용시험을 준비하던 20대 여대생이 원서를 냈지만 시험을 치르지도 못하는 황당한 사건이 벌어졌다.시험을 코앞에 두고 본인도 모르게 누군가가 자기 아이디와 비밀번호를 해킹해 원서 접수를 취소해서다.피해자의 의뢰로 수사에 착수한 경찰은 컴퓨터 IP 주소 추적 끝에 20대 남성 A씨를 붙잡았다.조사결과 A씨는 여대생과 전혀 아는 사이가 아니다.임용시험 경쟁자이거나 같은 대학에 다니는 지인이 아니라 제 3의 인물이었다.남성은 왜 이런 행위로 구속까지 됐을까.이 남성 A씨는 구속 이후 묵비권 행사를 하고 있다. 따라서 범행동기가 아직까지 미궁속이다전북경찰청 사이버수사대는 6일 “지인 아이디와 비번을 해킹해 교원 임용시험 원서접수를 취소한 혐의(정보통신망법 위반)로 최근 A씨를 구속 송치했다”고 밝혔다.■ 교사가 꿈인 20대 여대생은 재수해야할 처지A씨는 지난해 10월 중순께 전북 지역 모 대학 사범대 4학년에 재학 중인 B씨 아이디와 비밀번호로 전북교육청 중등 온라인 채용시스템에 접속했다. 그런 후 11월 21일 1차 시험이 예정된 ‘2021학년도 전북교육청 공·사립 중등교사 임용후보자 경쟁시험’ 원서 접수를 취소한 혐의다.전북교육청에 따르면 응시원서 접수기간은 10월 19~23일이었다.이 시험 신청은 인터넷으로만 가능하다. 2차 시험은 1월 20일과 26~27일 진행되고, 최종 합격자 발표는 2월 10일이다.B씨는 1차 시험을 앞두고 수험표를 출력하기 위해 해당 사이트에 접속했다가 원서 접수가 취소된 사실을 알았다. B씨는 결국 시험을 응시하지 못했다.교사가 꿈인 B씨는 대학 4년 내내 준비한 실력을 발휘 못하고 재수를 해야 할 처지가 된 것이다.■ 아이디 비번 해킹해 시험 못 봤다. 경찰수사의뢰B씨는 “어떤 사람이 나 몰래 임용시험 원서 접수를 취소했다”며 “범인 찾아 달라”고 수사를 의뢰했다.B씨의 의뢰로 수사에 착수한 경찰은 A씨가 B씨 모르게 해외 가상사설망(VPN)을 이용해 교육청 온라인 채용시스템에 접속한 정황을 확인했다.경찰조사결과 서로 아는 사이지만, 해당 임용시험이나 경쟁자나 같은 대학에 다니지 않는 것으로 알려졌다.A씨는 경찰조사에서 “B씨 임용시험 원서 접수를 취소하지 않았다”며 혐의를 부인하고 있다.하지만 경찰은 A씨가 2018년·2019년 임용시험 원서접수 사이트에 B씨 계정으로 접속해 비밀번호를 바꾼 여러 흔적을 토대로 A씨를 범인으로 지목했다.■ “한사람은 알고 한사람은 모른다” 진술경찰은 A씨와 B씨를 불러 조사했다. 두 사람의 관계에 대한 양측 진술은 서로 다른 것으로 파악됐다.전북교육청 주변에서는 “두 사람이 중학교 동창이다. A씨가 B씨를 좋아해 교제를 요구했는데 받아주지 않자 괴롭히고 임용시험도 못 보게 한 것 아니냐”는 소문도 돈다.경찰은 “수사 중이어서 구체적인 내용은 확인해 줄 수 없다”는 입장이다.여대생 B씨는 다른 사람의 해킹으로 원서 접수가 취소된 만큼 전북교육청에 시험을 보게 해달라고 요청했지만, “정상적인 방법으로 원서 접수를 취소했기 때문에 구제가 안 된다”는 답변이다.전북교육청 관계자는 “본인이 (원서 접수를) 취소했는지, 다른 사람이 취소했는지 알 길이 없어 구제 할 수 없다”며 “(타인이 임의로) 원서 접수를 취소한 전례가 없었던 만큼 이번 사건을 계기로 교육부에 재발 방지책 마련을 건의했다”고 밝혔다.

※ 저작권자 ⓒ 파이낸셜뉴스, 무단전재-재배포 금지"
월간조선,"바이든, 美 국무부 방문 “중국의 공격 물리치겠다” | 中과 함께 “민주주의...","지난달 26일 블라디미르 푸틴 러시아 대통령과 통화했던 바이든은 “나는 푸틴 대통령에게 미 대선 개입, 사이버 공격, 자국민 독살 같은 러시아의 공격적 행동 앞에 미국이 나가떨어지던 시절은 끝났다는 것을 분명히... ",2021-02-06 07:50:00,사이버 공격,http://monthly.chosun.com/client/mdaily/daily_view.asp?idx=11702&Newsnumb=20210211702,"조 바이든 미국 대통령은 4일(현지 시각) 첫 부처 방문지로 국무부를 찾아 ‘세계 속 미국의 위치(America’s Place in the World)’를 주제로 연설했다.





이날 바이든 대통령은 중국·러시아에 맞서 민주주의 가치를 수호하는 ‘가치 외교'를 목표로 하고, 이를 미국의 군사력으로 뒷받침하겠다는 구상을 밝혔다. 바이든 대통령의 일성(一聲)은 “미국이 돌아왔다. 우리 대외 정책의 중심에 외교가 돌아왔다”였다.





바이든은 연설 초반 “미국에 필적하려는 중국의 커지는 야심”과 “민주주의를 훼손하고 파괴하려는 러시아의 결의”를 핵심 위협으로 꼽았다. 그러면서 “자유 수호, 기회 보장, 보편적 권리 옹호, 법치 존중 등 미국이 가장 소중하게 여기는 가치에 뿌리를 둔 외교를 시작해야 한다”고 강조했다.





지난달 26일 블라디미르 푸틴 러시아 대통령과 통화했던 바이든은 “나는 푸틴 대통령에게 미 대선 개입, 사이버 공격, 자국민 독살 같은 러시아의 공격적 행동 앞에 미국이 나가떨어지던 시절은 끝났다는 것을 분명히 했다”고 말했다. 그는 또 중국을 “가장 심각한 경쟁자”로 부르면서 “중국의 경제적 횡포와 공격적이고 강압적 행동에 정면으로 맞서고, 인권·지식재산권에 대한 중국의 공격을 물리치겠다”고 했다.





바이든은 그 수단으로 ‘동맹’과 함께 미국의 ‘군사력’을 거론했다. 그는 “우리 외교정책의 경로를 변경하고 우리의 민주적 가치와 외교적 리더십을 잘 통합하기 위한 추가 조치를 발표하겠다”며 “우선 (로이드) 오스틴 국방장관이 미군의 ‘해외 주둔 재배치 검토(Global Posture Review)’를 주도할 것”이라고 했다.





바이든은 또 “이 (재배치) 검토가 이뤄지는 중에는 기존에 계획된 모든 주독 미군 철수를 중단할 것”이라고 했다. 트럼프 전 대통령이 일방적으로 발표했던 주독 미군 1만2000명 감축 결정을 뒤집은 것이다.





바이든의 미군 재배치 검토 발언과 관련, 오스틴 국방장관은 이날 별도의 성명에서 “국방부는 외교란 힘든 일을 지지하기 위해 준비돼 있어야 한다”며 “(적의) 도전을 받았을 때 미국의 이익을 지켜내고 우리의 결의를 분명히 보여주기 위해 필요한 역량”으로 외교를 뒷받침하겠다고 밝혔다.





바이든은 또 “인도적·전략적 재앙을 초래한 예멘의 전쟁을 끝내기 위한 외교에 나설 것”이라고 했다. 예멘 내전에서 예멘 정부를 지원하는 사우디아라비아가 이란의 지원을 받는 후티 반군을 제압한다며 미국에서 구입한 무기를 무차별 사용해 인도적 위기가 조성된 것을 바로잡겠다는 뜻이다.

글=조성호 월간조선 기자."
조선일보,러시아 해커는 왜 한국 회사원 퇴근을 기다리나,"지난해 11월 22일 한 해외 해커 조직이 한국 기업 ‘이랜드’의 전산 시스템을 해킹했다. 이들은 이랜드... 임 부장은 “해커들이 카드 정보를 공개하면, 금융보안원과 각 금융사가 서둘러 파악해 고객에게 사실을 알리고... ",2021-02-06 03:07:00,"해커, DDos",https://www.chosun.com/national/weekend/2021/02/06/IFBGWEZILFE65E74QQOON5PFH4/?utm_source=naver&utm_medium=referral&utm_campaign=naver-news,
아주경제,"안랩, AI보안연구·클라우드보안영업 강화한다…대규모 경력 채용","인재 확충을 통해 사업 경쟁력을 높이면서 확장되고 있는 클라우드 보안 분야를 공략하고, 신규 서비스인 위협인텔리전스나 인공지능(AI)·머신러닝(ML) 기술과 접목되는 차세대 보안 서비스 수요에 대응해 성장을... ",2021-02-05 23:11:00,클라우드 보안,http://www.ajunews.com/view/20210205230828607,"강석균 안랩 대표. [사진=안랩 제공]

안랩이 소프트웨어(SW) 개발, 품질관리(QA), 영업, 컨설팅 등 10개 분야의 대규모 경력직 인재 채용에 나섰다.인재 확충을 통해 사업 경쟁력을 높이면서 확장되고 있는 클라우드 보안 분야를 공략하고, 신규 서비스인 위협인텔리전스나 인공지능(AI)·머신러닝(ML) 기술과 접목되는 차세대 보안 서비스 수요에 대응해 성장을 가속화할 전망이다.안랩은 오는 14일까지 2021년 상반기 경력직원 공개채용 모집을 진행한다고 5일 밝혔다. 모집 부문은 연구개발(R&D)과 일반, 2개 부문이다.R&D부문 가운데 SW개발, 보안분석(SA), QA, 지식·IT서비스, 테크니컬라이터(TW), 5개 분야를 모집한다.SW개발 분야는 리눅스 개발, 윈도 개발, 웹 개발, 모바일 개발, 맥 개발, 인공지능(AI)·머신러닝(ML) 연구 및 개발, 프로젝트 관리, ESM 개발 및 유지보수 업무를 수행하는 영역이다.이밖에 SA 분야는 보안위협과 악성코드 분석·대응 업무를 수행하는 영역이다. QA 분야는 품질보증 업무를 수행하는 영역이다. 지식·IT서비스 분야는 안랩 네트워크부문의 사내 인프라를 운영하는 영역이다. TW는 국·영문 테크니컬라이터 업무를 수행하는 영역이다.일반 부문 가운데 국내영업·영업, 고객서비스·기술지원, 컨설팅·컨설턴트형영업, 마케팅, 지식·보안대응(SR), 5개 분야를 모집한다.국내영업·영업 분야에서는 다양한 업무별 담당자 채용이 진행되고 있는 것으로 보인다. 이 분야는 광고·제휴사업 담당, 네임드 고객 커버, 서비스 금융영업, 기업 보안 서비스 영업, SVC관제플랫폼영업, SW파트너영업, NW파트너영업, 프리세일즈, 클라우드 서비스 세일즈(Cloud Service Sales) 등 업무를 수행하는 영역이다.고객서비스·기술지원 분야도 보안운영, 악성코드분석, 보안관제, 네트워크 방화벽 기술지원, 웹 방화벽 기술지원, EP제품군 기술지원, SIEM 기술지원 등 업무를 수행한다.이밖에 컨설팅·컨설팅형영업 분야는 기술 컨설턴트, 관리 컨설턴트, 클라우드 아키텍트(Cloud Architect), 클라우드 매니저 엔지니어(Cloud Management Engineer) 등을 채용한다. 마케팅(제품·서비스기획) 분야는 영문 콘텐츠 기획자를 구하고 있다. 지식·SR 분야는 원격관제요원을 뽑는다.안랩은 이번 공개채용 서류 접수를 14일까지 채용홈페이지에서 온라인으로 진행한다. 지원자 가운데 서류 합격자를 발표하고 1차, 2차 면접을 거쳐 합격자를 최종 선발한다. R&D부문 직무의 경우 서류합격자 발표 후 직군에 따라 코딩테스트를 진행할 예정이다.안랩 측은 ""모집 부문별 필요 경력과 자격이 상이하므로 채용 홈페이지 공고 내의 직무별 자격요건과 우대사항을 반드시 확인하기 바란다""며 ""채용 관련 상세 내용확인과 문의도 채용 홈페이지에서 가능하다""고 설명했다."
한국경제TV,"비트코인, 해킹에서 안전한 거래방법은?","특히 암호화폐 거래소 해킹에 대한 불안감이 커지고 있는데요 이는 수백, 수천억원 대의 막대한 손실로 이어지기 때문입니다. 작년 9월에는 싱가포르에 위치한 쿠코인이 해킹을 당해 무려 1억 5천만달러의 피해가 발생했고... ",2021-02-05 18:19:00,해킹,http://news.wowtv.co.kr/NewsCenter/News/Read?articleId=A202102050418&t=NNv,"해킹 위험에서 내 코인을 지키는 방법

2021년 들어서도 고공행진을 멈추지 않는 비트코인

급등락을 반복하고 있기는 하지만 3만달러선을 유지하는 가운데 거래가 활성화되고

신규회원 유입이 늘어나면서 가상화폐 거래소를 향한 업계의 기대감도 커지고 있습니다.

그러나 마냥 웃을 수만은 없는 상황입니다.

또 다시 보안에 대한 문제가 제기되고 있기 때문입니다.

특히 암호화폐 거래소 해킹에 대한 불안감이 커지고 있는데요 이는

수백, 수천억원 대의 막대한 손실로 이어지기 때문입니다.



작년 9월에는 싱가포르에 위치한 쿠코인이 해킹을 당해 무려 1억 5천만달러의 피해가

발생했고 재작년에는 국내 암호화폐 거래소 빗썸과 업비트가 해킹돼 800억 원이 넘는 암호화폐가 유출됐었습니다.

작년 이후로는 아직까지 국내 암호화폐 거래소가 해킹된 적은 없습니다.

올해 3월부터 암호화폐 거래소들은 `특정금융 거래정보 보고 및 이용 등에

관한 법률`, 이른바 `특금법`에 따라 정보보호관리체계, 즉 `ISMS` 인증을

한국인터넷진흥원으로부터 받아야만 거래소를 운영할 수 있습니다.

현재 국내 암호화폐 거래소 9곳이 현재 이 인증을 받아놓은 상황

그렇다면 ISMS 인증만으로 충분할까요.

과거보다 거래소 보안이 향상되기는 했지만 여전히 해킹 위험에서 자유로울 수는 없습니다.



신동휘 스틸리언 연구소장(화이트 해커)

전문가들은 암호화폐의 거래와 보관시 핫월렛이 아닌 콜드월렛에 코인을 저장하고

2단계 인증을 이용하는 거래소에서 거래하는 것이 안전하다고 조언하고 있습니다.

핫월렛이란 인터넷이 연결된 온라인 지갑을 의미하는데 실시간으로 편리하게 사용할 수

있지만 피싱이나 해킹에 노출될 가능성이 높습니다.

콜드월렛은 인터넷이 차단된 오프라인 지갑으로 수시로 입출금하는 것은 핫월렛보다

불편하지만 개인의 비밀키를 통해 오프라인에서 처리하므로 고액투자 혹은 보관에 있어서 안정적입니다.



벤 조우 바이비트 CEO

해킹 사고가 발생할 경우 은행 등 금융회사들은 피해 보상을 하도록 법으로

규정돼 있지만, 암호화폐 거래소는 피해보상 방법 등이 법으로 명시돼 있지 않습니다.

기획재정부는 암호화폐 거래소들에게도 손해배상책임보험에 가입하도록 한 상황이지만

보험 배상액이 수십억 원 수준에 그쳐 실질적인 피해에 비추어 볼 때 턱없이 부족한 상황입니다.



하지만 암호화폐 투자를 할 경우 거래소를 이용하지 않을 수는 없습니다.

편리하고 안전한 거래를 위해 신용도 높은 거래소에 자금을 보관할지, 아니면 직접

콜드월렛에 보관하는 것이 좋을지, 투자자들의 신중한 판단이 필요한 시점입니다.



한국경제TV 성장기업부 임상우 PD swlim@wowtv.co.kr

관련뉴스

이 기사와 함께 많이 본 뉴스"
아이티데일리,"[초점] 나날이 증가하는 악성 이메일, CDR로 대응한다","만약 수신자가 악성 파일 및 URL을 실행하면, 안에 첨부된 악성코드가 동작해 랜섬웨어 감염, 정보유출 등으로 이어진다. 이메일을 통한 사이버 공격은 다양한 의도를 갖고 이루어진다. 대표적으로 랜섬웨어 감염 등을... ",2021-02-05 16:47:00,악성코드,https://www.itdaily.kr/news/articleView.html?idxno=201745,"[아이티데일리] 코로나19 팬데믹 이후 사이버 위협이 나날이 증가하고 있다. 특히 코로나19 관련 이슈를 악용한 사회공학적 기법의 스미싱, 피싱 공격이 기승을 부리고 있다. 이러한 사이버 공격 대부분이 이메일을 통해 유포되고 있다. 사회공학적 기법을 활용해 이메일 수신자를 속이는 것이다.

외부로부터 유입되는 공격, 특히 이메일 및 웹을 통해 들어오는 공격에 대응하기 위한 방안 중 하나로 ‘콘텐츠 무해화 및 재조합(CDR)’ 기술이 떠오르고 있다. 유입되는 콘텐츠, 파일을 무해화해 안전하게 확인할 수 있도록 제공함으로써 사이버 공격을 방지하는 기술이다.

CDR 솔루션 개념도(출처: 소프트캠프)

최근 사이버 공격은 대부분 이메일을 통해 유입되고 있다. 트렌드마이크로는 지난해 상반기 탐지·차단한 사이버 공격 278억 건 중 93%가 이메일을 통해 유입됐다고 발표한 바 있다. 지난 3분기 랜섬웨어 공격이 상반기 대비 50% 이상 급증했다는 점을 감안할 때 이메일을 통한 사이버 위협 또한 크게 증가했음을 유추할 수 있다.

이메일을 통한 사이버 공격은 사회공학적 기법을 활용해 수신자를 속이는 경우가 대다수다. 수신자가 관심을 가질만한 내용으로 위장해 첨부된 파일 또는 URL을 실행하도록 유도하는 것이다. 만약 수신자가 악성 파일 및 URL을 실행하면, 안에 첨부된 악성코드가 동작해 랜섬웨어 감염, 정보유출 등으로 이어진다.

이메일을 통한 사이버 공격은 다양한 의도를 갖고 이루어진다. 대표적으로 랜섬웨어 감염 등을 통한 ‘금전적인 이득’을 목표로 하는 것을 들 수 있다. 랜섬웨어가 유포되는 정황을 살펴보면, ▲이력서 ▲저작권 위반 관련 문의 ▲전자상거래 위반행위 조사통지서 ▲파일 다운로드 등으로 위장하고 있다. 지난해에는 코로나19 팬데믹 이슈를 악용해 ‘코로나19 실시간 확진자 현황’ 등으로 위장한 랜섬웨어가 유포된 사례도 있다.

바이든 시대 북한 비핵화 내용 등으로 현혹하는 악성 문서 화면(출처: 이스트시큐리티)

정보 탈취를 위한 스피어피싱 공격도 대부분 이메일을 통해 유입된다. 특히 국내에서는 대북 관련 내용의 스피어피싱 공격이 많이 발견되고 있다. 이스트시큐리티 시큐리티대응센터는 지난해 북한 이슈를 악용한 APT 공격이 연이어 발생하고 있다고 경고한 바 있다. 통일부 자료는 물론, 통일 관련 공모전 신청서, 미국 바이든 행정부 출범 관련 문서 등으로 위장해 관련자들을 노리고 있다. 이스트시큐리티 측은 해당 공격들이 ‘탈륨’과 ‘금성121’ 등 북한 연계 조직의 소행이라고 추정하고 있다.

이메일을 통해 유입되는 사이버 공격을 예방하기 위해서는 ▲출처가 불분명한 메일에 첨부된 파일 및 URL 실행 금지 ▲MS오피스, 한컴오피스 등 SW 및 OS 최신 업데이트 유지 ▲안티바이러스 솔루션 활용 등 필수 보안 수칙을 준수해야 한다.



이메일로 유입되는 공격, ‘CDR’로 무해화

조직의 입장에서 이메일로 유입되는 공격을 예방하기 위해서 가장 먼저 고려할 수 있는 것은 APT 대응, 안티바이러스 등 보안 솔루션 구축이다. 더불어 이메일 모의훈련을 통한 직원 교육 등도 고려할 수 있다.

하지만 안티바이러스 솔루션의 경우 시그니처 기반으로 탐지하기 때문에 알려진 위협에는 효과적으로 대응하지만, 알려지지 않은 제로데이(Zero day) 공격은 탐지하기 어렵다. 이에 대응하기 위해 샌드박스 등 APT 대응 솔루션을 도입하지만, 최근에는 샌드박스를 우회하는 기술도 나오고 있다는 것이 문제다.

이러한 문제들을 해결하고 제로트러스트(Zero Trust)를 실현하기 위한 방안으로 ‘콘텐츠 무해화 및 재조합(CDR, Content Disarm & Reconstruction)’이 주목받고 있다. CDR은 외부에서 유입되는 파일, 이메일, URL을 모두 안전하게 무해화한다는 개념이다.

글로벌 CDR 시장은 2023년 2억 2,900만 달러(2,530억 원)로 증가할 것으로 전망된다. 국내 시장의 경우 형성 초기 단계로 보인다. 주요 CDR 솔루션은 글로벌 기업인 옵스왓(OPSWAT)의 ‘메타디펜더(Metadefender)’, 보티로의 ‘보티로(Votiro)’ 등이 있으며, 국내에서는 소프트캠프의 ‘실덱스(SHIELDEX)’, 지란지교시큐리티의 ‘새니톡스(SaniTOX)’ 등이 공급되고 있다.



미대선 관련 내용으로 위장한 APT 공격, CDR로 대응

CDR 솔루션은 ▲메일 본문 무해화 ▲첨부파일 무해화 ▲결과 리포트 등의 기능을 제공한다. 이를 통해 이메일 등을 통해 외부로부터 유입되는 악성코드 등 잠재적인 위협을 제거한다.

지란지교시큐리티는 최근 미국 대선 이슈를 악용해 유포됐던 APT 공격을 ‘새니톡스’로 분석한 사례를 공개했다. ‘새니톡스’에 악성 파일을 등록하면, 문서의 기본정보와 위험도를 확인할 수 있다. 상세보기를 누르면 위협 요소에 대한 자세한 정보를 확인할 수 있다. 악성문서의 경우 상세 분석 정보에 ‘실행 가능한 OLE(Object Linking and Embedding) 객체가 포함돼 있습니다’라는 문구를 확인할 수 있으며, 파일 정보에서 해당 문서의 구조와 위협이 되는 OLE 정보를 자세히 알 수 있다.

‘새니톡스’에서 제공하는 문서 분석 정보(출처: 지란지교시큐리티)

‘새니톡스’가 제공하는 문서 상세 정보를 통해 악성코드 유무를 확인할 수 있다.

안티바이러스 엔진을 통해 무해화 전후를 비교하면, 악성코드가 무해화된 것을 확인할 수 있다. 자세한 정보에서는 OLE가 무해화돼 제거된 이력을 제공한다. 더불어 마지막으로 정합성 확인을 통해 파일이 정상적으로 실행되는지, 내용에 문제가 없는지 확인하게 된다.

‘새니톡스’를 통해 무해화된 문서의 정보. 안티바이러스 엔진을 통해 확인할 수 있다.

지란지교시큐리티 관계자는 “이미 알려진 악성코드를 포함한 문서는 시그니처 기반의 안티바이러스 등을 통해 탐지될 수 있지만, 알려지지 않은 혹은 변형된 위협 요소를 통한 제로데이 APT 공격에 대해서는 안티바이러스는 대응할 수 없다. 하지만 살펴본 바와 같이 CDR은 위협적인 액티브콘텐츠를 제거하고 재조립하는 과정을 통해 안티바이러스가 놓친 위협적인 파일에 의한 제로데이 APT 공격에 대해서 선제적으로 대응할 수 있다”고 강조했다.



웹 격리 서비스 결합 등 고도화되는 CDR 솔루션

국내 시장에서는 소프트캠프, 지란지교시큐리티 등이 레퍼런스를 확대하고 있다. 지란지교시큐리티는 4대사회보험 정보연계센터와 경찰청 등 다수 공공기관에 CDR 솔루션 ‘새니톡스’를 공급했으며, 일본 시장에서도 성과를 거두고 있다.

소프트캠프 역시 CDR 솔루션 ‘실덱스(SHIELDEX)’로 국내는 물론, 일본에서도 레퍼런스를 확보하고 있다. 최근에는 ‘실덱스’ 서비스를 포함한 통합 클라우드 보안 서비스 ‘시큐리티 365’를 론칭, 클라우드 보안 시장 공략에 박차를 가하고 있다.

소프트캠프의 ‘실덱스’는 외부로부터 유입되는 이메일 및 파일에 대한 무해화 서비스는 물론, 웹 격리 서비스를 통해 이메일 등에 포함된 URL도 안전하게 이용할 수 있도록 지원한다. 더불어 ‘실덱스’는 사전예방지수라는 개념을 도입해 CDR이 무해화한 위험요소가 얼마나 유의미한 지표인지 직관적으로 제공한다. 사전예방지수는 CDR이 제로데이 공격 등에 대해 사전에 예방한 수치를 의미하며, 윌별로 무해화 요청된 원본파일에 대해 악성 파일 검사를 수행해 정상파일과 악성 파일의 비율을 제공한다."
에너지경제신문,해킹당해 임용고사 못치른 수험생…'보안관리' 헛점,아이디를 해킹당해 시험을 치르지 못한 사건이 발생했다. 피해자는 전북교육청에 시험을 치르게해달라고 요청했지만 받아들여지지 않은 것으로 전해졌다. 전북경찰청은 지난해 10월 수험생 아이디를 해킹해 임용시험... ,2021-02-05 16:31:00,해킹,https://www.ekn.kr/web/view.php?key=20210205010001362,"▲전북교육청 전경.연합뉴스

[에너지경제신문 안효건 기자] 전북에서 교원 임용시험을 준비하던 수험생이 아이디를 해킹당해 시험을 치르지 못한 사건이 발생했다. 피해자는 전북교육청에 시험을 치르게해달라고 요청했지만 받아들여지지 않은 것으로 전해졌다.전북경찰청은 지난해 10월 수험생 아이디를 해킹해 임용시험 원서 접수를 취소한 혐의(정보통신망법 위반)로 20대 A씨를 최근 검찰에 송치했다고 5일 밝혔다.A씨는 수험생 B씨 아이디와 비밀번호로 로그인해 ‘전북교육청 중등 온라인채용시스템’에 접속한 뒤 임용시험을 임의로 취소한 혐의를 받고 있다.해당 사이트는 아이디와 비밀번호로 로그인하기만 하면 별도 본인인증 절차 없이 원서 취소가 가능하다.경찰과 전북교육청에 따르면 A씨는 B씨 온라인채용시스템 아이디를 알아낸 뒤 ‘비밀번호 찾기’를 통해 비밀번호를 확인한 것으로 전해졌다.분실한 비밀번호를 찾기 위해 아이디 가입 시 입력한 본인확인문답 절차를 거쳐야 하지만 B씨와 알고 지내던 A씨는 어렵지 않게 문답을 파악했다.B씨는 원서 접수가 취소된 사실을 임용시험 직전에야 알게 됐다. 수험표를 출력하기 위해 해당 사이트에 접속했던 B씨는 ""범인을 찾아달라""며 경찰에 신고했다.B씨는 교육청에 시험을 치르게 해달라고 요청했지만 받아들여지지 않았다. B씨는 수년간 준비했던 임용시험을 보지 못했다.온라인채용시스템은 각 시도교육청에서 관리하지만 개발은 교육부가 맡는다.경찰 관계자는 ""피의자 범행으로 수험생은 돌이킬 수 없는 피해를 보았다""며 ""원서 접수 취소 시 휴대전화나 공동인증서 등 본인인증 절차가 있었다면 범행이 불가능했을 것으로 보고 교육청에 보안 강화 필요성을 담은 공문을 전달했다""고 말했다.전북교육청은 ""타인이 임의로 원서 접수를 취소한 전례가 없었던 만큼 이번 사건을 예상하지 못했다""며 ""교육부에 재발 방지책 마련을 건의했다""고 밝혔다."
연합뉴스,몇 년을 준비했는데…'아이디 해킹'에 물거품 된 교사의 꿈,아이디를 해킹당해 시험을 치르지 못한 사건으로 온라인채용시스템 보안의 허점이 드러났다는 지적이... 전북경찰청은 지난해 10월께 수험생 아이디를 해킹해 임용시험 원서 접수를 취소한 혐의(정보통신망법 위반)로 20대... ,2021-02-05 15:59:00,해킹,http://yna.kr/AKR20210205110100055?did=1195m,"아이디 알면 본인인증 없이 접수 취소 가능…""재발 방지책 건의""

교사 임용시험 (PG) [장현경 제작] 사진합성·일러스트

(전주=연합뉴스) 나보배 기자 = 교원 임용시험을 준비하던 수험생이 아이디를 해킹당해 시험을 치르지 못한 사건으로 온라인채용시스템 보안의 허점이 드러났다는 지적이 나오고 있다.

1년에 한 번뿐인 임용시험인 만큼 해당 사이트 보안을 강화해야 한다는 목소리가 높다.

전북경찰청은 지난해 10월께 수험생 아이디를 해킹해 임용시험 원서 접수를 취소한 혐의(정보통신망법 위반)로 20대 A씨를 최근 검찰에 송치했다고 5일 밝혔다.

광고

A씨는 수험생 B씨 아이디와 비밀번호로 로그인해 '전북교육청 중등 온라인채용시스템'에 접속한 뒤 임용시험을 임의로 취소한 혐의를 받고 있다.

해당 사이트는 아이디와 비밀번호로 로그인하기만 하면 별도의 본인인증 절차 없이 원서 취소가 가능하다.

경찰과 전북교육청에 따르면 A씨는 B씨의 온라인채용시스템 아이디를 알아낸 뒤 '비밀번호 찾기'를 통해 비밀번호를 확인한 것으로 전해졌다.

분실한 비밀번호를 찾기 위해 아이디 가입 시 입력한 본인확인문답 절차를 거쳐야 하지만 B씨와 알고 지내던 A씨는 어렵지 않게 문답을 파악했다. 이후 A씨는 B씨의 원서 접수를 취소한 것으로 알려졌다.

B씨는 원서 접수가 취소된 사실을 임용시험 직전에야 알게 됐다.

수험표를 출력하기 위해 해당 사이트에 접속했던 B씨는 ""범인을 찾아달라""며 경찰에 신고했다.

B씨는 교육청에 시험을 치르게 해달라고 요청했지만 받아들여지지 않아 결국 수년간 준비했던 임용시험을 보지 못했다.

노트북 [연합뉴스TV 캡처]

A씨 범행으로 1년에 한 번뿐인 임용시험의 온라인채용시스템 보안이 얼마나 허술한지가 그대로 드러났다.

온라인채용시스템은 각 시도교육청에서 관리하지만 개발은 교육부가 맡는다.

경찰 관계자는 ""피의자 범행으로 수험생은 돌이킬 수 없는 피해를 보았다""며 ""원서 접수 취소 시 휴대전화나 공동인증서 등 본인인증 절차가 있었다면 범행이 불가능했을 것으로 보고 교육청에 보안 강화 필요성을 담은 공문을 전달했다""고 말했다.

이에 전북교육청은 ""타인이 임의로 원서 접수를 취소한 전례가 없었던 만큼 이번 사건을 예상하지 못했다""며 ""교육부에 재발 방지책 마련을 건의했다""고 밝혔다.

warm@yna.co.kr



<저작권자(c) 연합뉴스, 무단 전재-재배포 금지>"
위키트리,"19일부터 전격 시행하는 ‘코로나 개인안심번호’, 고교생 해커의 아이디어였...","해커가 제안했다면서 다음과 같이 말했다.“QR코드 사용을 기피하는 분들이 전화번호를 손으로 적었는데 그에 따른 마지막 불안감을 없애기 위해 추가 대책을 낸 것이다. 지난해 11월부터 대안을 연구했고, 민간 해커... ",2021-02-05 14:38:00,해커,https://www.wikitree.co.kr/articles/617332,"뉴스1 자료사진입니다.

개인정보보호위원회는 최근 “코로나19 방역 과정에서 생기는 개인정보 유출 위험을 줄이도록 수기명부에 기입하는 휴대전화 번호를 대체할 ‘코로나19 개인안심번호’를 시행한다”고 발표한 바 있다. 시행일은 오는 19일이다.

개인정보보호위원회는 개인정보 보호에 관한 사항을 심의·의결하는 국무총리 소속 중앙행정기관이다. 2011년 9월 30일 대통령 소속 행정위원회로 발족했으며, 2020년 8월 5일 국무총리 소속으로 변경되면서 중앙행정기관으로 격상했다.

‘코로나19 개인안심번호’의 핵심은 현재 수기명부에 기입하는 휴대전화번호를 대신할 숫자 4자리와 문자 2자리로 이뤄진 총 6자리의 개인안심번호를 도입하는 것이다. 코로나19 대응 과정에서 개인정보 유출·악용을 막기 위한 방안이다.

그런데 이 ‘코로나19 개인안심번호’의 도입을 한 고교생이 제안한 것으로 밝혀져 화제를 모으고 있다. 윤종인 개인정보보호위원장은 5일자 중앙일보 인터뷰에서 이처럼 밝혔다.

그는 ‘코로나19 개인안심번호’를 한 고교생 해커가 제안했다면서 다음과 같이 말했다.

“QR코드 사용을 기피하는 분들이 전화번호를 손으로 적었는데 그에 따른 마지막 불안감을 없애기 위해 추가 대책을 낸 것이다. 지난해 11월부터 대안을 연구했고, 민간 해커 모임인 '코드 포 코리아'가 참여했다. 그 과정에서 휴대전화를 코드로 전환하는 아이디어를 한 고교생 해커가 재능 기부했다. 휴대전화는 통신사들이, 안심번호는 QR코드 발급 3사가, 출입 정보는 정부(보건복지부 산하 사회보장정보원)가 분산 관리한다. 데이터는 분산될수록 안전성이 강화된다.""

그러면서 윤 위원장은 ""기존 QR코드에다 전화번호를 코드로 전환한 안심번호를 병행 사용하면 코로나 방역 와중에 개인정보 유출 우려는 대부분 잠재울 수 있을 것""이라고 밝혔다."
데일리시큐,스마트 커넥티드 시스템 SW 공급기업 해킹당해…고객 정보 유출,"이번 침해사고는 2020년 9월 29일경에 발생했고 해커가 직원의 개인 정보에 액세스해 고객정보가 유출된 것으로 조사됐다. 공격자가 액세스 한 개인 기록에는 생년월일, 운전 면허증 번호, 주민등록번호, 사회 보험... ",2021-02-05 13:05:00,정보유출,https://www.dailysecu.com/news/articleView.html?idxno=120417,"사이버 공격자들의 공급망 공격이 계속되고 있다.

스마트 커넥티드 시스템 소프트웨어를 제공하는 글로벌 기업 윈드 리버 시스템즈(Wind River Systems)가 고객 개인정보 데이터가 유출됐다고 공개했다.

이 회사는 소프트웨어, 미들웨어, 개발 및 시뮬레이션 플랫폼을 개발하고 있으며 이 회사 기술은 20억 개 이상의 제품에서 사용되고 있다.

이번 침해사고는 2020년 9월 29일경에 발생했고 해커가 직원의 개인 정보에 액세스해 고객정보가 유출된 것으로 조사됐다.

공격자가 액세스 한 개인 기록에는 생년월일, 운전 면허증 번호, 주민등록번호, 사회 보험 번호, 사회 보장 번호, 여권 또는 비자 번호, 건강 정보 및 금융 계좌 정보가 포함된 것으로 추정된다.

★정보보안 대표 미디어 데일리시큐!★

저작권자 © 데일리시큐 무단전재 및 재배포 금지"
데일리시큐,"중국 해커, 솔라윈즈 취약점으로 美 국립금융센터 사이버공격",중국과 연계된 것으로 추정되는 해커가 미 국립금융센터(NFC) 시스템을 공격하기 위해 솔라윈즈 오리온(SolarWinds Orion) 소프트웨어 취약점을 악용한 것으로 조사됐다고 시큐리티어페어스 등 외신들이 보도했다. 미 국립... ,2021-02-05 12:25:00,"솔라윈즈, 해커",https://www.dailysecu.com/news/articleView.html?idxno=120415,"중국과 연계된 것으로 추정되는 해커가 미 국립금융센터(NFC) 시스템을 공격하기 위해 솔라윈즈 오리온(SolarWinds Orion) 소프트웨어 취약점을 악용한 것으로 조사됐다고 시큐리티어페어스 등 외신들이 보도했다.

미 국립 금융 센터는 연방 기관 수백 곳에 인사 및 급여 서비스를 제공한다.

한편 이번 공격은 최근 공개된 SolarWinds 공급망 공격과는 관련이 없으며, NFC 공격에는 다른 취약점이 사용된 것으로 조사됐다.

FBI의 조사관들에 따르면, 미 농무부 내 연방 급여 기관인 NFC가 솔라윈즈 취약점을 악용해 공격 받은 조직 중 하나라는 사실을 발견했다. 이 영향으로 수 천명의 공무원 데이터가 유출될 수 있다고 경고했다.

한편 이 중국 해커 그룹에서 악용한 소프트웨어의 취약점은 러시아 정부 요원이 솔라윈즈 고객 1만8천명을 해킹하는데 사용했던 취약점과는 다른 취약점이라고 덧붙였다.

미 농무부는 이번 해킹 공격 사실을 확인하고 만약의 사태에 대비해 솔라윈즈 오리온 코드 해킹에 영향을 받은 데이터를 보유한 모든 고객에게 해당 내용을 전달했다.

물론 중국 측은 이번 공격에 개입한 사실이 없다며 강하게 부인하고 있다.

★정보보안 대표 미디어 데일리시큐!★

저작권자 © 데일리시큐 무단전재 및 재배포 금지"
CCTV뉴스,[카드뉴스] '솔라윈즈' 사상 최악의 해킹 사건,"바로 네트워크 관리 솔루션 기업 '솔라윈즈(SolarWinds)'다. 외신에 따르면, 해커들은 솔라윈즈의 네트워크 모니터링 솔루션 '오리온'에 멀웨어를 유포했다. 해당 악성코드는 사용자가 애플리케이션 업데이트를... ",2021-02-05 10:18:00,"솔라윈즈, 해킹",http://www.cctvnews.co.kr/news/articleView.html?idxno=220094,"사이버 보안 기업인 파이어아이를 시작으로 미국 주요 기업과 정부기관들이 잇달아 러시아 소행으로 추정되는 해킹 공격에 뚫린 것으로 나타났다.

이 같은 대규모 해킹 공격에서 유난히 많이 언급되는 기업이 있다. 바로 네트워크 관리 솔루션 기업 ‘솔라윈즈(SolarWinds)’다.

외신에 따르면, 해커들은 솔라윈즈의 네트워크 모니터링 솔루션 ‘오리온’에 멀웨어를 유포했다. 해당 악성코드는 사용자가 애플리케이션 업데이트를 내려받으면 자연스레 퍼지게 돼, 솔라윈즈 제품을 사용하는 고객사 30만 곳 가운데 1만 8000여 곳이 피해를 입은 것으로 추정된다.

저작권자 © CCTV뉴스 무단전재 및 재배포 금지"
산업일보,"글로벌 보안시장, 다양해진 위험에 투자규모 늘어나","특히, ▲ 차별화된 솔루션으로 클라우드 보안 시장 ▲포티넷 시큐어 SD-Branch를 기반으로 SD-WAN 시장 ▲포티넷 샌드박스(Sandbox) 및 메일(Mail)을 통해 이메일 ATP 대개체 시장을 타깃으로 영업을 대폭 강화할 계획이다.... ",2021-02-05 07:41:00,클라우드 보안,http://www.kidd.co.kr/news/220760,"SPONSORED

[산업일보]코로나19로 인해 비대면(Untact-언택트)사회가 빠르게 도래함에 따라, 데이터의 양은 예상보다 훨씬 빠른 속도로 증가하고 있다. 비대면 사회는 감염병의 위험을 줄이기 위해서는 필수적으로 갖춰야 할 모습이었지만, 이로 인해 디지털 보안시장 분야는 새로운 위험에 맞닥뜨리고 있다.4일 온라인상에서 기자들을 만난 포티넷코리아 조원균 대표는 사이버 보안시장에 대해 “전세계적으로 클라우드의 활용이 활발해 지고 있지만 그만큼 다양한 위험에 노출되고 있으며, 액세스 포인트 역시 다양화 됨에 따라 보안시장에 대한 투자가 증가하고 있다”고 말했다.조 대표의 설명에 따르면, 코로나19는 보안시장에 있어서는 악재로 작용하지 않았다. 그는 “온라인 기반의 플랫폼 사업자들이 사회적‧경제적 패러다임 전환 시기에서 일하는 방식을 바꿔나갔기 때문에 이러한 상황에서 발생하는 보안 위협에 대해 긍정적인 영향이 있었다”며, “미국의 월 가(街)나 한국에서 보는 보안시장에 대한 투자흐름은 지속적 성장이 예상된다”고 내다봤다.“코로나19가 가져온 디지털화의 촉매역할이 연장됐기 때문에 올해도 사업에 긍정적인 영향이 있을 것”이라고 전망한 조 대표는 “OT보안이나 클라우드 기반 보안, 다양하고 복잡화된 보안관리 자동화가 새로운 투자처가 될 것”이라고 언급했다.한편, 이날 조 대표는 지난해 포티넷코리아가 거둔 성과와 함께 올해 사업계획도 함께 공개했다.조 대표가 공개한 바에 따르면, 포티넷코리아는 지난해, 국내 하이테크 산업, 하이엔드 방화벽 및 시큐어-SD-WAN/SD-브랜치 시장에서 좋은 실적을 거두며 전년대비 26%의 매출 성장을 거뒀다.올해 포티넷코리아는 하이엔드급 100G 데이터센터 방화벽을 비롯하여, SD-WAN, 보안자동화 및 ATP 대개체 시장을 타깃으로 25%의 매출 성장을 이룩한다는 계획이다.특히, ▲ 차별화된 솔루션으로 클라우드 보안 시장 ▲포티넷 시큐어 SD-Branch를 기반으로 SD-WAN 시장 ▲포티넷 샌드박스(Sandbox) 및 메일(Mail)을 통해 이메일 ATP 대개체 시장을 타깃으로 영업을 대폭 강화할 계획이다.아울러, 포티넷 SOAR, SIEM, AI, XDR 솔루션을 기반으로 보안관리 자동화 시장을 공략하고, OT(운영기술, Operational Technology) 시연이 가능한 데모 센터 ‘포티넷 고객 브리핑 센터(Customer Briefing Center)’를 거점으로 OT 보안이 필요한 고객들을 발굴해 최적의 OT 보안 방안을 제시할 계획이다."
중앙일보,"[단독]19일 발급 '개인 안심번호', 고교생 해커가 재능기부","그 과정에서 민간 화이트 해커 모임('코드 포 코리아')을 해온 한 고교생이 휴대전화를 안심번호로 바꾸는 코드 전환 아이디어를 재능 기부했다. 휴대전화는 통신사들이, 안심번호는 QR코드 발급 3사가, 출입 정보는 정부... ",2021-02-05 00:35:00,해커,https://news.joins.com/article/olink/23581099,"[장세정의 직격인터뷰]

[장관급 개인정보보호위 출범 6개월 윤종인 위원장]

개인정보 유출 불안감 잠재울 대책

기존 QR코드와 안심번호 병행 사용

5대 민생 분야 개인정보 유출 점검

위법시 과징금 기준 상향 검토 중

코로나19 방역을 위해 공공기관·식당·학교 등 각종 시설에 출입할 때 의무적으로 남겨야 했던 전화번호 수기(手記) 제도가 오는 19일부터 특정인의 개인정보가 드러나지 않는 '개인 안심번호'로 대체된다. 숫자 네 개와 한글 두 글자를 조합한 6자리 안심번호가 모든 국민에게 하나씩 발급된다.지난해 6월부터 카카오톡·네이버·패스 등 3사가 전자출입명부(QR코드)를 발급했지만, QR코드를 사용하지 않고 전화번호를 여전히 손으로 적는 경우 개인정보 유출과 악용 우려가 제기된 데 따른 개선 대책이다.윤종인(57) 개인정보보호 위원장은 3일 중앙일보 인터뷰에서 ""기존 QR코드에다 전화번호를 코드로 전환한 안심번호를 병행 사용하면 코로나 방역 와중에 개인정보 유출 우려는 대부분 잠재울 수 있을 것""이라고 말했다. 2011년 대통령 소속 합의제 기구로 출범한 위원회는 지난해 8월 총리 소속 장관급 중앙 행정기관으로 격상됐다. 독자적인 법령 제정과 개정권, 예산 및 인사권을 확보해 위상이 크게 높아졌다. 그만큼 전 국민의 관심사인 개인 정보 보호와 산업적 활용이라는 두 마리 토끼를 잡는 숙제도 커진 셈이다. 취임 6개월을 맞은 윤 위원장은 ""명실상부한 개인정보 컨트롤 타워로서 국민의 개인정보를 확실히 보호하면서도 기업의 안전한 데이터 활용을 지원하겠다""고 말했다.-코로나 방역에 협조한 국민이 개인정보 유출에 대한 우려를 많이 한다.""위원회는 코로나 대응 과정에서 필요 최소한으로 정보를 수집하고 수집 목적을 달성하면 폐기돼야 한다는 기본 원칙에 따라 방역 당국과 협의하고 있다. 전체적인 점검이 끝나면 결과를 발표할 것이다.""-요즘 난데없이 홍보 전화나 판촉 문자가 날아온다.""질병관리청이 주도해 코로나 1차 대유행이 한창이던 지난해 3월 22일부터 위험시설 출입자 명단을 작성하도록 했다. 처음엔 손으로 적는 수기 방식이었으나 6월 1일부터 QR코드가 도입돼 수기와 병행 사용해왔다. 지난해 8월 위원회 출범 이후 이름 표기에 따른 개인정보 유출 우려가 제기돼 9월 11일부터 이름을 빼고 거주지를 시·군·구 단위로 표시하도록 했다. 그런데 여전히 휴대전화를 기록하는 데 따른 불안감을 없애기 위해 19일부터는 전화번호를 대체할 안심번호를 발급하는 것이다. 숫자 4개와 받침 없는 한글 2글자를 조합한 6자리 번호다. 예를 들어 '12가34나'나 12또34코'가 가능하다. 이렇게 조합하면 최대 1억 2000 만개 번호가 나온다. 코로나가 종식될 때까지 안심번호가 전화번호를 대체하게 된다. 수기 명부를 거짓으로 작성해 방역에 차질이 생기는 현상도 막을 수 있을 것이다.""-코로나 사태 1년이 지났는데 안심번호 대책이 왜 이렇게 늦게 나왔나.""늦은 것이 아니다. QR코드 사용을 기피하는 분들이 전화번호를 손으로 적었는데 그에 따른 마지막 불안감을 없애기 위해 추가 대책을 낸 것이다. 지난해 11월부터 대안 연구에 착수했고, 보안전문업체가 안심번호 개발에 참여했다. 그 과정에서 민간 화이트 해커 모임('코드 포 코리아')을 해온 한 고교생이 휴대전화를 안심번호로 바꾸는 코드 전환 아이디어를 재능 기부했다. 휴대전화는 통신사들이, 안심번호는 QR코드 발급 3사가, 출입 정보는 정부(보건복지부 산하 사회보장정보원)가 분산 관리한다. 데이터는 분산될수록 안전성이 강화된다.""-QR코드는 개인정보 유출 우려가 전혀 없나.""이용자 정보(QR코드 발급기관)와 시설 출입 정보(사회보장정보원)가 시스템적으로 분리돼 있다. 확진자가 나와서 역학조사의 필요성이 있을 때만 두 기관이 개인정보를 결합해 쓰고 4주 후에는 자동 파기되기 때문에 유출되거나 악용될 우려가 없다. 코로나 사태 장기화에 따라 비대면 서비스를 많이 이용하는데 통신대리점, 오픈마켓, 배달 앱, 택배, 인터넷 광고 등 5대 민생 분야에 대해 개인정보 보호 실태를 집중 점검 중이다.""-개인정보를 보호하면서 동시에 활용한다는 것은 모순 아닌가.""세상이 디지털 경제 시대로 전환하면서 상당수의 부가가치가 데이터로부터 생겨난다. 데이터의 75%는 개인정보다. 활용이 불가피한데 개인정보가 어떻게 보호되면서 활용될 것인지에 관해서 아직 국내외에서 정확한 솔루션이 없다. 활용할 수밖에 없지만 보호하지 않을 수도 없다. 보호와 활용을 상충하는 것으로 보는 것이 문제다. 자동차가 빨리 달릴 수 있는 이유는 브레이크가 있기 때문이다. 브레이크 없이 자동차는 빨리 못 달린다. 우리가 개인정보를 잘 보호하지 못하면 활용도 잘할 수 없다. 기업들은 아주 뼈저리게 느끼고 있다. ""-기업의 생생한 사례를 든다면.""미국의 애플이 아이폰을 팔면서 프라이버시 보호를 마케팅 전략으로 사용하기 시작했다. 애플 생태계인 앱스토어에 들어오는 앱 개발자들은 그 앱이 어떠한 개인정보를 추적하는지를 밝히고 사용자의 동의를 받아야 한다. 애플이 개인정보 보호를 마케팅 우위 전략으로 쓰면서 그동안 개인정보를 이용해서 광고에 활용해온 페이스북의 매출 구조가 타격을 받자 두 회사가 전쟁하고 있다.""-국내 기업들에 주는 시사점은.""위원회가 조사하고 있는 인공지능(AI) 챗봇 '이루다' 논란도 마찬가지다. 제2의 이루다 사태를 막으려면 AI든 신기술 개발 단계에서 개인정보 보호 절차를 반드시 거쳐야 한다. 기업이 보호와 활용이 상충한다고 여기면 앞으로 한 발짝도 나아갈 수 없다. 어떻게 개인정보를 더 잘 보호해서 더 많은 사용자의 신뢰를 얻고 더 많은 데이터를 쓸 수 있도록 허락받을 수 있을지를 고민해야 한다. 그런 기업이 더 많은 데이터를 가지고 더 많은 서비스를 만들 수 있는 세상이 왔다.""-위반 기업에 대한 처벌이 약하다는 지적이 있다.""누구든 수집한 정보를 다른 목적으로 이용할 경우 개인정보보호법에 따라 최고 징역 5년, 벌금 5000만원에 처할 수 있다. 페이스북의 경우, 로그인하면 내 정보뿐 아니라 친구의 동의도 없이 친구 정보까지 앱으로 넘어가서 67억원(약 600만 달러)의 과징금으로 부과했다. 위원회가 확인한 피해자만 300만명이다. 우리는 관련 매출액의 3%가 과징금 상한인데, 외국은 전체 매출액의 4%를 물린다. 개인정보보호법 2차 개정할 때 손질할 방침이다.""-개인정보 유출로 피해를 봐도 구제받기가 힘들다.""피해자들은 집단소송을 하거나 개인정보보호법에 따르면 분쟁 조정 절차를 밟을 수도 있다. 다만 피해자에게 분쟁조정을 신청하면 공공기관은 의무적으로 따라야 하는데 민간기업은 예외여서 법을 개정할 방침이다.""-신기술의 진보 속도보다 정책이 한 박자 늦다.""신기술이 빠르게 발달하는 분야에서 늦지 않게 각종 기준이나 준칙을 조속히 마련해 제공하려 한다. 그래야 기업들의 불확실성을 제거해 줄 수 있다. 사실 신기술 분야에 대응한 개인정보보호 기술의 연구개발(R&D)이 아직 부족해 대책을 고민 중이다.""-고 박원순 전 서울시장의 성범죄 피해자의 실명을 공개한 사건은 위원회가 다루지 않나.""노출 또는 유출한 사람이 법이 정한 개인정보 처리자인지가 중요한 판단 기준이다. 다만 우연히 알게 된 개인정보를 일회성으로 유출한 경우라면 개인정보보호법의 소관 범위를 벗어난다. 민·형사상 명예훼손을 다툴 문제다.""-디지털 공간에서의 잊힐 권리를 호소하는 목소리도 크다.""한국인터넷진흥원(KISA)이 개인들의 계정 정보가 '다크 웹'에 유출돼 거래에 이용되는지를 확인할 수 있는 서비스를 11월부터 제공할 예정이다. 다만 표현의 자유에 상충하는 경우 개인정보를 위원회가 임의로 지우기에 한계가 있을 수 있다.""-국민의 개인정보 보호 욕구는 커지는데 헌법에는 개인정보보호권 명문 규정이 없다.""헌법재판소가 2005년 헌법 제10조(존엄과 행복 추구권)와 제17조(사생활의 비밀과 자유권)에 근거해 개인정보 보호를 '개인정보 자기결정권'이란 이름의 헌법상 권리로 인정했다. 헌재 판례는 적극적 의미의 개인정보 보호로 봐야 한다.""-위원회의 정치적 중립성과 독립성 장치는 충분한가.""9명의 위원 중 위원장과 부위원장이 상임위원이고 7명은 비상임 위원이다. 임기 3년을 법으로 보장해 정치적 독립성을 확보하고 있다. 정당 추천 위원 5명 중 3명이 야당 몫이다. 개인 정보 침해 사건에 대한 조사 처분 등에 대해 총리의 행정 감독권을 배제해 독립적인 일 처리가 가능하다. ""-조지 오웰의 『1984』가 현실이 될 거란 우려도 있다.""데이터가 쉽게 수집 및 처리되고, '네트워크 효과'에 의해 더 많이 모여 오·남용됐을 때 민주주의가 파괴되거나 감시사회가 올 거라는 우려가 있다. 개인의 사생활을 충분히 보호하면서 발전할 수 있는 새로운 경로를 발견하는 것이 빅데이터 시대에 큰 과제다.""=1964년 충남 홍성 출신. 서울대 서양사학과 졸업. 미국 조지아대 행정학 박사. 행시 31회로 공직에 입문해 청와대 행정자치 비서관, 충남 행정부지사, 행안부 차관 등을 역임했다.zhang@joongang.co.kr가 인터뷰 정리 작업에 참여했습니다."
